0, 0, 0, 0
1, 14, 9, 1
1, 14, 9, 1
2, 14, 9, 1
2, 14, 9, 1
3, 14, 9, 1
3, 14, 9, 1
4, 14, 9, 1
4, 14, 9, 1
5, 14, 9, 1
5, 14, 9, 1
6, 14, 9, 1
6, 14, 9, 1
7, 14, 9, 1
7, 14, 9, 1
8, 14, 9, 1
8, 14, 9, 1
9, 14, 9, 1
9, 14, 9, 1
10, 14, 9, 1
10, 14, 9, 1
11, 14, 9, 1
11, 14, 9, 1
12, 14, 9, 1
12, 14, 9, 1
13, 14, 9, 1
13, 14, 9, 1
14, 14, 9, 1
14, 14, 9, 1
15, 14, 9, 1
15, 14, 9, 1
16, 14, 9, 1
16, 14, 9, 1
17, 14, 9, 1
17, 14, 9, 1
18, 14, 9, 1
18, 14, 9, 1
19, 14, 9, 1
19, 14, 9, 1
20, 14, 9, 1
20, 14, 9, 1
21, 14, 9, 1
21, 14, 9, 1
22, 14, 9, 1
22, 14, 9, 1
23, 14, 9, 1
23, 14, 9, 1
24, 14, 9, 1
24, 14, 9, 1
25, 14, 9, 1
25, 14, 9, 1
26, 14, 9, 1
26, 14, 9, 1
27, 14, 9, 1
27, 14, 9, 1
28, 14, 9, 1
28, 14, 9, 1
29, 14, 9, 1
29, 14, 9, 1
30, 14, 9, 1
30, 14, 9, 1
31, 14, 9, 1
31, 14, 9, 1
32, 14, 9, 1
32, 14, 9, 1
33, 14, 9, 1
33, 14, 9, 1
34, 14, 9, 1
34, 14, 9, 1
35, 14, 9, 1
35, 14, 9, 1
36, 14, 9, 1
36, 14, 9, 1
37, 14, 9, 1
37, 14, 9, 1
38, 14, 9, 1
38, 14, 9, 1
39, 14, 9, 1
39, 14, 9, 1
40, 14, 9, 1
40, 14, 9, 1
41, 14, 9, 1
41, 14, 9, 1
42, 14, 9, 1
42, 14, 9, 1
43, 14, 9, 1
43, 14, 9, 1
44, 14, 9, 1
44, 14, 9, 1
45, 14, 9, 1
45, 14, 9, 1
46, 14, 9, 1
46, 14, 9, 1
47, 14, 9, 1
47, 14, 9, 1
48, 14, 9, 1
48, 14, 9, 1
49, 14, 9, 1
49, 14, 9, 1
50, 14, 9, 1
50, 14, 9, 1
51, 14, 9, 1
51, 14, 9, 1
52, 14, 9, 1
52, 14, 9, 1
53, 14, 9, 1
53, 14, 9, 1
54, 14, 9, 1
54, 14, 9, 1
55, 14, 9, 1
55, 14, 9, 1
56, 14, 9, 1
56, 14, 9, 1
57, 14, 9, 1
57, 14, 9, 1
58, 14, 9, 1
58, 14, 9, 1
59, 14, 9, 1
59, 14, 9, 1
60, 14, 9, 1
60, 14, 9, 1
61, 14, 9, 1
61, 14, 9, 1
62, 14, 9, 1
62, 14, 9, 1
63, 14, 9, 1
63, 14, 9, 1
64, 14, 9, 1
64, 14, 9, 1
65, 14, 9, 1
65, 14, 9, 1
66, 14, 9, 1
66, 14, 9, 1
67, 14, 9, 1
67, 14, 9, 1
68, 14, 9, 1
68, 14, 9, 1
69, 14, 9, 1
69, 14, 9, 1
70, 14, 9, 1
70, 14, 9, 1
71, 14, 9, 1
71, 14, 9, 1
72, 14, 9, 1
72, 14, 9, 1
73, 14, 9, 1
73, 14, 9, 1
74, 14, 9, 1
74, 14, 9, 1
75, 14, 9, 1
75, 14, 9, 1
76, 14, 9, 1
76, 14, 9, 1
77, 14, 9, 1
77, 14, 9, 1
78, 14, 9, 1
78, 14, 9, 1
79, 14, 9, 1
79, 14, 9, 1
80, 14, 9, 1
80, 14, 9, 1
81, 14, 9, 1
81, 14, 9, 1
82, 14, 9, 1
82, 14, 9, 1
83, 14, 9, 1
83, 14, 9, 1
84, 14, 9, 1
84, 14, 9, 1
85, 14, 9, 1
85, 14, 9, 1
86, 14, 9, 1
86, 14, 9, 1
87, 14, 9, 1
87, 14, 9, 1
88, 14, 9, 1
88, 14, 9, 1
89, 14, 9, 1
89, 14, 9, 1
90, 14, 9, 1
90, 14, 9, 1
91, 14, 9, 1
91, 14, 9, 1
92, 14, 9, 1
92, 14, 9, 1
93, 14, 9, 1
93, 14, 9, 1
94, 14, 9, 1
94, 14, 10, 1
95, 14, 10, 1
95, 14, 10, 1
96, 14, 10, 1
96, 14, 10, 1
97, 14, 10, 1
97, 14, 10, 1
98, 14, 10, 1
98, 14, 10, 1
99, 14, 10, 1
99, 14, 10, 1
100, 14, 10, 1
100, 14, 10, 1
101, 14, 10, 1
101, 14, 10, 1
102, 14, 10, 1
102, 14, 10, 1
103, 14, 10, 1
103, 14, 10, 1
104, 14, 10, 1
104, 14, 10, 1
105, 14, 10, 1
105, 14, 10, 1
106, 14, 10, 1
106, 14, 10, 1
107, 14, 10, 1
107, 14, 10, 1
108, 14, 10, 1
108, 14, 10, 1
109, 14, 10, 1
109, 14, 10, 1
110, 14, 10, 1
110, 14, 10, 1
111, 14, 10, 1
111, 14, 10, 1
112, 14, 10, 1
112, 14, 10, 1
113, 14, 10, 1
113, 14, 10, 1
114, 14, 10, 1
114, 14, 10, 1
115, 14, 10, 1
115, 14, 10, 1
116, 14, 10, 1
116, 14, 10, 1
117, 14, 11, 1
117, 14, 11, 1
118, 14, 11, 1
118, 14, 11, 1
119, 14, 11, 1
119, 14, 11, 1
120, 14, 11, 1
120, 14, 11, 1
121, 14, 11, 1
121, 14, 11, 1
122, 14, 11, 1
122, 14, 11, 1
123, 14, 11, 1
123, 14, 11, 1
124, 14, 11, 1
124, 14, 11, 1
125, 14, 11, 1
125, 14, 11, 1
126, 14, 11, 1
126, 14, 11, 1
127, 14, 11, 1
127, 14, 11, 1
128, 14, 11, 1
128, 14, 11, 1
129, 14, 11, 1
129, 14, 11, 1
130, 14, 11, 1
130, 14, 11, 1
131, 14, 11, 1
131, 14, 11, 1
132, 14, 11, 1
132, 14, 11, 1
133, 14, 11, 1
133, 14, 11, 1
134, 14, 11, 1
134, 14, 11, 1
135, 14, 11, 1
135, 14, 11, 1
136, 14, 11, 1
136, 14, 12, 1
137, 14, 12, 1
137, 14, 12, 1
138, 14, 12, 1
138, 14, 12, 1
139, 14, 12, 1
139, 14, 12, 1
140, 14, 12, 1
140, 14, 12, 1
141, 14, 12, 1
141, 14, 12, 1
142, 14, 12, 1
142, 14, 12, 1
143, 14, 12, 1
143, 14, 12, 1
144, 14, 12, 1
144, 14, 12, 1
145, 14, 12, 1
145, 14, 12, 1
146, 14, 12, 1
146, 14, 12, 1
147, 14, 12, 1
147, 14, 12, 1
148, 14, 12, 1
148, 14, 12, 1
149, 14, 12, 1
149, 14, 12, 1
150, 14, 12, 1
150, 14, 12, 1
151, 14, 12, 1
151, 14, 12, 1
152, 14, 12, 1
152, 14, 12, 1
153, 14, 12, 1
153, 14, 12, 1
154, 14, 12, 1
154, 14, 12, 1
155, 14, 12, 1
155, 14, 12, 1
156, 14, 12, 1
156, 14, 12, 1
157, 14, 12, 1
157, 14, 12, 1
158, 14, 12, 1
158, 14, 12, 1
159, 14, 12, 1
159, 14, 12, 1
160, 14, 12, 1
160, 14, 12, 1
161, 14, 12, 1
161, 14, 12, 1
162, 14, 12, 1
162, 14, 12, 1
163, 14, 12, 1
163, 14, 12, 1
164, 14, 12, 1
164, 14, 12, 1
165, 14, 12, 1
165, 14, 12, 1
166, 14, 12, 1
166, 14, 12, 1
167, 14, 12, 1
167, 14, 12, 1
168, 14, 12, 1
168, 14, 12, 1
169, 14, 12, 1
169, 14, 12, 1
170, 14, 12, 1
170, 14, 12, 1
171, 14, 12, 1
171, 14, 12, 1
172, 14, 12, 1
172, 14, 12, 1
173, 14, 12, 1
173, 14, 12, 1
174, 14, 12, 1
174, 14, 12, 1
175, 14, 12, 1
175, 14, 12, 1
176, 14, 12, 1
176, 14, 12, 1
177, 14, 12, 1
177, 14, 12, 1
178, 14, 12, 1
178, 14, 12, 1
179, 14, 12, 1
179, 14, 12, 1
180, 14, 12, 1
180, 14, 12, 1
181, 14, 12, 1
181, 14, 12, 1
182, 14, 12, 1
182, 14, 12, 1
183, 14, 12, 1
183, 14, 12, 1
184, 14, 12, 1
184, 14, 12, 1
185, 14, 12, 1
185, 14, 12, 1
186, 14, 12, 1
186, 14, 12, 1
187, 14, 12, 1
187, 14, 12, 1
188, 14, 12, 1
188, 14, 12, 1
189, 14, 12, 1
189, 14, 12, 1
190, 14, 12, 1
190, 14, 12, 1
191, 14, 12, 1
191, 14, 12, 1
192, 14, 12, 1
192, 14, 12, 1
193, 14, 12, 1
193, 14, 12, 1
194, 14, 12, 1
194, 14, 12, 1
195, 14, 12, 1
195, 14, 12, 1
196, 14, 12, 1
196, 14, 12, 1
197, 14, 12, 1
197, 14, 12, 1
198, 14, 12, 1
198, 14, 12, 1
199, 14, 12, 1
199, 14, 12, 1
200, 14, 12, 1
200, 14, 12, 1
201, 14, 12, 1
201, 14, 12, 1
202, 14, 12, 1
202, 14, 12, 1
203, 14, 12, 1
203, 14, 12, 1
204, 14, 12, 1
204, 14, 12, 1
205, 14, 12, 1
205, 14, 12, 1
206, 14, 12, 1
206, 14, 12, 1
207, 14, 12, 1
207, 14, 12, 1
208, 14, 12, 1
208, 14, 12, 1
209, 14, 12, 1
209, 14, 12, 1
210, 14, 12, 1
210, 14, 12, 1
211, 14, 12, 1
211, 14, 12, 1
212, 14, 12, 1
212, 14, 12, 1
213, 14, 12, 1
213, 14, 12, 1
214, 14, 12, 1
214, 14, 12, 1
215, 14, 12, 1
215, 14, 12, 1
216, 14, 12, 1
216, 14, 12, 1
217, 14, 12, 1
217, 14, 12, 1
218, 14, 12, 1
218, 14, 12, 1
219, 14, 12, 1
219, 14, 12, 1
220, 14, 12, 1
220, 14, 12, 1
221, 14, 12, 1
221, 14, 12, 1
222, 14, 12, 1
222, 14, 12, 1
223, 14, 12, 1
223, 14, 12, 1
224, 14, 12, 1
224, 14, 13, 1
225, 14, 13, 1
225, 14, 13, 1
226, 14, 13, 1
226, 14, 13, 1
227, 14, 13, 1
227, 14, 13, 1
228, 14, 13, 1
228, 15, 13, 1
229, 15, 13, 1
229, 15, 13, 1
230, 15, 13, 1
230, 15, 13, 1
231, 15, 13, 1
231, 15, 13, 1
232, 15, 13, 1
232, 15, 13, 1
233, 15, 13, 1
233, 15, 13, 1
234, 15, 13, 1
234, 15, 13, 1
235, 15, 13, 1
235, 15, 13, 1
236, 15, 13, 1
236, 15, 13, 1
237, 15, 13, 1
237, 15, 13, 1
238, 15, 13, 1
238, 15, 13, 1
239, 15, 13, 1
239, 15, 13, 1
240, 15, 13, 1
240, 15, 13, 1
241, 15, 13, 1
241, 15, 13, 1
242, 15, 13, 1
242, 15, 13, 1
243, 15, 13, 1
243, 15, 13, 1
244, 15, 13, 1
244, 15, 13, 1
245, 15, 13, 1
245, 15, 13, 1
246, 15, 13, 1
246, 15, 13, 1
247, 15, 13, 1
247, 15, 13, 1
248, 15, 13, 1
248, 15, 13, 1
249, 15, 13, 1
249, 15, 13, 1
250, 15, 13, 1
250, 15, 13, 1
251, 15, 13, 1
251, 15, 13, 1
252, 15, 13, 1
252, 15, 13, 1
253, 15, 13, 1
253, 15, 13, 1
254, 15, 13, 1
254, 15, 13, 1
255, 15, 13, 1
255, 15, 13, 1
256, 15, 13, 1
256, 15, 13, 1
257, 15, 13, 1
257, 15, 13, 1
258, 15, 13, 1
258, 15, 13, 1
259, 15, 13, 1
259, 15, 13, 1
260, 15, 13, 1
260, 15, 13, 1
261, 15, 13, 1
261, 15, 13, 1
262, 15, 13, 1
262, 15, 13, 1
263, 15, 13, 1
263, 15, 13, 1
264, 15, 13, 1
264, 15, 13, 1
265, 15, 13, 1
265, 15, 13, 1
266, 15, 13, 1
266, 15, 13, 1
267, 15, 13, 1
267, 15, 13, 1
268, 15, 13, 1
268, 15, 13, 1
269, 15, 13, 1
269, 15, 13, 1
270, 15, 13, 1
270, 15, 13, 1
271, 15, 13, 1
271, 15, 13, 1
272, 15, 13, 1
272, 15, 13, 1
273, 15, 13, 1
273, 15, 13, 1
274, 15, 13, 1
274, 15, 13, 1
275, 15, 13, 1
275, 15, 13, 1
276, 15, 13, 1
276, 15, 13, 1
277, 15, 13, 1
277, 15, 13, 1
278, 15, 13, 1
278, 15, 13, 1
279, 15, 13, 1
279, 15, 13, 1
280, 15, 13, 1
280, 15, 13, 1
281, 15, 13, 1
281, 15, 13, 1
282, 15, 13, 1
282, 15, 13, 1
283, 15, 13, 1
283, 15, 13, 1
284, 15, 13, 1
284, 15, 13, 1
285, 15, 13, 1
285, 15, 13, 1
286, 15, 13, 1
286, 15, 13, 1
287, 15, 13, 1
287, 15, 13, 1
288, 15, 14, 1
288, 15, 14, 1
289, 15, 14, 1
289, 15, 14, 1
290, 15, 14, 1
290, 15, 14, 1
291, 15, 14, 1
291, 15, 14, 1
292, 15, 14, 1
292, 15, 14, 1
293, 15, 14, 1
293, 15, 14, 1
294, 15, 14, 1
294, 15, 14, 1
295, 15, 14, 1
295, 15, 14, 1
296, 15, 14, 1
296, 15, 14, 1
297, 15, 14, 1
297, 15, 14, 1
298, 15, 14, 1
298, 15, 14, 1
299, 15, 14, 1
299, 15, 14, 1
300, 15, 14, 1
300, 15, 14, 1
301, 15, 14, 1
301, 15, 14, 1
302, 15, 14, 1
302, 15, 14, 1
303, 15, 14, 1
303, 15, 14, 1
304, 15, 14, 1
304, 15, 14, 1
305, 15, 14, 1
305, 15, 14, 1
306, 15, 14, 1
306, 15, 14, 1
307, 15, 14, 1
307, 15, 14, 1
308, 15, 14, 1
308, 15, 14, 1
309, 15, 14, 1
309, 15, 15, 1
310, 15, 15, 1
310, 15, 15, 1
311, 15, 15, 1
311, 15, 15, 1
312, 15, 15, 1
312, 15, 15, 1
313, 15, 15, 1
313, 15, 15, 1
314, 15, 15, 1
314, 15, 15, 1
315, 15, 15, 1
315, 15, 15, 1
316, 15, 15, 1
316, 15, 15, 1
317, 15, 15, 1
317, 15, 15, 1
318, 15, 15, 1
318, 15, 15, 1
319, 15, 15, 1
319, 15, 15, 1
320, 15, 15, 1
320, 15, 15, 1
321, 15, 15, 1
321, 15, 15, 1
322, 15, 15, 1
322, 15, 15, 1
323, 15, 15, 1
323, 15, 15, 1
324, 15, 15, 1
324, 15, 15, 1
325, 15, 15, 1
325, 15, 15, 1
326, 15, 15, 1
326, 15, 15, 1
327, 15, 15, 1
327, 15, 15, 1
328, 15, 15, 1
328, 15, 15, 1
329, 15, 15, 1
329, 15, 15, 1
330, 15, 15, 1
330, 15, 15, 1
331, 15, 15, 1
331, 15, 15, 1
332, 15, 15, 1
332, 15, 15, 1
333, 15, 15, 1
333, 15, 15, 1
334, 15, 15, 1
334, 15, 15, 1
335, 15, 15, 1
335, 15, 15, 1
336, 15, 15, 1
336, 15, 15, 1
337, 15, 15, 1
337, 15, 15, 1
338, 15, 15, 1
338, 15, 15, 1
339, 15, 15, 1
339, 15, 15, 1
340, 15, 15, 1
340, 15, 15, 1
341, 15, 15, 1
341, 15, 15, 1
342, 15, 15, 1
342, 15, 15, 1
343, 15, 15, 1
343, 15, 15, 1
344, 15, 15, 1
344, 15, 15, 1
345, 15, 15, 1
345, 15, 15, 1
346, 15, 15, 1
346, 15, 15, 1
347, 15, 15, 1
347, 15, 15, 1
348, 15, 15, 1
348, 15, 15, 1
349, 15, 15, 1
349, 15, 15, 1
350, 15, 15, 1
350, 15, 15, 1
351, 15, 15, 1
351, 16, 15, 1
352, 16, 15, 1
352, 16, 15, 1
353, 16, 15, 1
353, 16, 15, 1
354, 16, 15, 1
354, 16, 15, 1
355, 16, 15, 1
355, 16, 15, 1
356, 16, 15, 1
356, 16, 15, 1
357, 16, 15, 1
357, 16, 15, 1
358, 16, 15, 1
358, 16, 15, 1
359, 16, 15, 1
359, 16, 15, 1
360, 16, 15, 1
360, 16, 15, 1
361, 16, 15, 1
361, 16, 15, 1
362, 16, 15, 1
362, 16, 15, 1
363, 16, 15, 1
363, 16, 15, 1
364, 16, 15, 1
364, 16, 15, 1
365, 16, 15, 1
365, 16, 15, 1
366, 16, 15, 1
366, 16, 15, 1
367, 16, 15, 1
367, 16, 15, 1
368, 16, 15, 1
368, 16, 15, 1
369, 16, 15, 1
369, 16, 15, 1
370, 16, 15, 1
370, 16, 15, 1
371, 16, 15, 1
371, 16, 15, 1
372, 16, 15, 1
372, 16, 15, 1
373, 16, 15, 1
373, 16, 15, 1
374, 16, 15, 1
374, 16, 15, 1
375, 16, 15, 1
375, 16, 15, 1
376, 16, 15, 1
376, 16, 15, 1
377, 16, 15, 1
377, 16, 15, 1
378, 16, 15, 1
378, 16, 15, 1
379, 16, 15, 1
379, 16, 15, 1
380, 16, 15, 1
380, 16, 15, 1
381, 16, 15, 1
381, 16, 15, 1
382, 16, 15, 1
382, 16, 15, 1
383, 16, 15, 1
383, 16, 15, 1
384, 16, 15, 1
384, 16, 15, 1
385, 16, 15, 1
385, 16, 15, 1
386, 16, 15, 1
386, 16, 15, 1
387, 16, 15, 1
387, 16, 15, 1
388, 16, 15, 1
388, 16, 15, 1
389, 16, 15, 1
389, 16, 15, 1
390, 16, 15, 1
390, 16, 15, 1
391, 16, 15, 1
391, 16, 15, 1
392, 16, 15, 1
392, 16, 15, 1
393, 16, 15, 1
393, 16, 15, 1
394, 16, 15, 1
394, 16, 15, 1
395, 16, 15, 1
395, 16, 15, 1
396, 16, 15, 1
396, 16, 15, 1
397, 16, 15, 1
397, 16, 15, 1
398, 16, 15, 1
398, 16, 15, 1
399, 16, 15, 1
399, 16, 15, 1
400, 16, 15, 1
400, 16, 15, 1
401, 16, 15, 1
401, 16, 15, 1
402, 16, 15, 1
402, 16, 15, 1
403, 16, 15, 1
403, 16, 15, 1
404, 16, 15, 1
404, 16, 15, 1
405, 16, 15, 1
405, 16, 15, 1
406, 16, 16, 1
406, 16, 16, 1
407, 16, 16, 1
407, 16, 16, 1
408, 16, 16, 1
408, 16, 16, 1
409, 16, 16, 1
409, 16, 16, 1
410, 16, 16, 1
410, 16, 16, 1
411, 16, 16, 1
411, 16, 16, 1
412, 16, 16, 1
412, 16, 16, 1
413, 16, 16, 1
413, 16, 16, 1
414, 16, 16, 1
414, 16, 16, 1
415, 16, 16, 1
415, 16, 16, 1
416, 16, 16, 1
416, 16, 16, 1
417, 16, 16, 1
417, 16, 16, 1
418, 16, 16, 1
418, 16, 16, 1
419, 16, 16, 1
419, 16, 16, 1
420, 16, 16, 1
420, 16, 16, 1
421, 16, 16, 1
421, 16, 16, 1
422, 16, 16, 1
422, 16, 16, 1
423, 16, 16, 1
423, 16, 16, 1
424, 16, 16, 1
424, 16, 16, 1
425, 16, 16, 1
425, 16, 16, 1
426, 16, 16, 1
426, 16, 16, 1
427, 16, 16, 1
427, 16, 16, 1
428, 16, 16, 1
428, 16, 16, 1
429, 16, 16, 1
429, 16, 16, 1
430, 16, 16, 1
430, 16, 16, 1
431, 16, 16, 1
431, 16, 16, 1
432, 16, 16, 1
432, 16, 16, 1
433, 16, 16, 1
433, 16, 16, 1
434, 16, 16, 1
434, 16, 16, 1
435, 16, 16, 1
435, 16, 16, 1
436, 16, 16, 1
436, 16, 16, 1
437, 16, 16, 1
437, 16, 16, 1
438, 16, 16, 1
438, 16, 16, 1
439, 16, 16, 1
439, 16, 16, 1
440, 16, 16, 1
440, 16, 16, 1
441, 16, 16, 1
441, 16, 16, 1
442, 16, 16, 1
442, 16, 16, 1
443, 16, 16, 1
443, 16, 16, 1
444, 16, 16, 1
444, 16, 16, 1
445, 16, 16, 1
445, 16, 16, 1
446, 16, 16, 1
446, 16, 16, 1
447, 16, 16, 1
447, 16, 16, 1
448, 16, 16, 1
448, 16, 16, 1
449, 16, 16, 1
449, 16, 16, 1
450, 16, 16, 1
450, 16, 16, 1
451, 16, 16, 1
451, 16, 16, 1
452, 16, 16, 1
452, 16, 16, 1
453, 16, 16, 1
453, 16, 16, 1
454, 16, 16, 1
454, 16, 16, 1
455, 16, 16, 1
455, 16, 16, 1
456, 16, 16, 1
456, 16, 16, 1
457, 16, 16, 1
457, 16, 16, 1
458, 16, 16, 1
458, 16, 16, 1
459, 16, 16, 1
459, 16, 16, 1
460, 16, 16, 1
460, 16, 16, 1
461, 16, 16, 1
461, 16, 16, 1
462, 16, 16, 1
462, 16, 16, 1
463, 16, 16, 1
463, 16, 16, 1
464, 16, 16, 1
464, 16, 16, 1
465, 16, 16, 1
465, 16, 16, 1
466, 16, 16, 1
466, 16, 16, 1
467, 16, 16, 1
467, 16, 16, 1
468, 16, 16, 1
468, 16, 16, 1
469, 16, 16, 1
469, 16, 16, 1
470, 16, 16, 1
470, 16, 16, 1
471, 16, 16, 1
471, 16, 16, 1
472, 16, 16, 1
472, 16, 16, 1
473, 16, 16, 1
473, 16, 16, 1
474, 16, 16, 1
474, 16, 16, 1
475, 16, 16, 1
475, 16, 16, 1
476, 16, 16, 1
476, 16, 16, 1
477, 16, 16, 1
477, 16, 16, 1
478, 16, 16, 1
478, 16, 16, 1
479, 16, 16, 1
479, 16, 16, 1
480, 16, 16, 1
480, 16, 16, 1
481, 16, 16, 1
481, 16, 16, 1
482, 16, 16, 1
482, 16, 16, 1
483, 16, 16, 1
483, 16, 16, 1
484, 16, 16, 1
484, 16, 16, 1
485, 16, 16, 1
485, 16, 16, 1
486, 16, 16, 1
486, 16, 16, 1
487, 16, 16, 1
487, 16, 16, 1
488, 16, 16, 1
488, 16, 16, 1
489, 16, 16, 1
489, 16, 16, 1
490, 16, 16, 1
490, 16, 16, 1
491, 16, 16, 1
491, 16, 16, 1
492, 16, 16, 1
492, 16, 16, 1
493, 16, 16, 1
493, 16, 16, 1
494, 16, 16, 1
494, 16, 16, 1
495, 16, 16, 1
495, 16, 16, 1
496, 16, 16, 1
496, 16, 16, 1
497, 16, 16, 1
497, 16, 16, 1
498, 16, 16, 1
498, 16, 16, 1
499, 16, 16, 1
499, 16, 16, 1
500, 16, 16, 1
500, 16, 16, 1
501, 16, 16, 1
501, 16, 16, 1
502, 16, 16, 1
502, 16, 16, 1
503, 16, 16, 1
503, 16, 16, 1
504, 16, 16, 1
504, 16, 16, 1
505, 16, 16, 1
505, 16, 16, 1
506, 16, 16, 1
506, 16, 16, 1
507, 16, 16, 1
507, 16, 16, 1
508, 16, 16, 1
508, 16, 16, 1
509, 16, 16, 1
509, 16, 16, 1
510, 16, 16, 1
510, 16, 16, 1
511, 16, 16, 1
511, 16, 16, 1
512, 16, 16, 1
512, 16, 16, 1
513, 16, 16, 1
513, 16, 16, 1
514, 16, 16, 1
514, 16, 16, 1
515, 16, 16, 1
515, 16, 16, 1
516, 16, 16, 1
516, 16, 16, 1
517, 16, 16, 1
517, 16, 16, 1
518, 16, 16, 1
518, 16, 16, 1
519, 16, 16, 1
519, 16, 16, 1
520, 16, 16, 1
520, 16, 16, 1
521, 16, 16, 1
521, 16, 16, 1
522, 16, 16, 1
522, 16, 16, 1
523, 16, 16, 1
523, 16, 16, 1
524, 16, 16, 1
524, 16, 16, 1
525, 16, 16, 1
525, 16, 16, 1
526, 16, 16, 1
526, 16, 16, 1
527, 16, 16, 1
527, 16, 16, 1
528, 16, 16, 1
528, 16, 16, 1
529, 16, 16, 1
529, 16, 16, 1
530, 16, 16, 1
530, 16, 16, 1
531, 16, 16, 1
531, 16, 16, 1
532, 16, 16, 1
532, 16, 16, 1
533, 16, 16, 1
533, 16, 16, 1
534, 16, 16, 1
534, 16, 16, 1
535, 16, 16, 1
535, 16, 16, 1
536, 16, 16, 1
536, 16, 16, 1
537, 16, 16, 1
537, 16, 16, 1
538, 16, 16, 1
538, 16, 16, 1
539, 16, 16, 1
539, 16, 16, 1
540, 16, 16, 1
540, 16, 16, 1
541, 16, 16, 1
541, 16, 16, 1
542, 16, 16, 1
542, 16, 16, 1
543, 16, 16, 1
543, 16, 16, 1
544, 16, 16, 1
544, 16, 16, 1
545, 16, 16, 1
545, 16, 16, 1
546, 16, 16, 1
546, 16, 16, 1
547, 16, 16, 1
547, 16, 16, 1
548, 16, 16, 1
548, 16, 16, 1
549, 16, 16, 1
549, 16, 16, 1
550, 16, 16, 1
550, 16, 16, 1
551, 16, 16, 1
551, 16, 16, 1
552, 16, 16, 1
552, 16, 16, 1
553, 16, 16, 1
553, 16, 16, 1
554, 16, 16, 1
554, 16, 16, 1
555, 16, 16, 1
555, 16, 16, 1
556, 16, 16, 1
556, 16, 16, 1
557, 16, 16, 1
557, 16, 16, 1
558, 16, 16, 1
558, 16, 16, 1
559, 16, 16, 1
559, 16, 16, 1
560, 16, 16, 1
560, 16, 16, 1
561, 16, 16, 1
561, 16, 16, 1
562, 16, 16, 1
562, 16, 16, 1
563, 16, 16, 1
563, 16, 16, 1
564, 16, 16, 1
564, 16, 16, 1
565, 16, 16, 1
565, 16, 16, 1
566, 16, 16, 1
566, 16, 16, 1
567, 16, 16, 1
567, 16, 16, 1
568, 16, 16, 1
568, 16, 16, 1
569, 16, 16, 1
569, 16, 16, 1
570, 16, 16, 1
570, 16, 16, 1
571, 16, 16, 1
571, 16, 16, 1
572, 16, 16, 1
572, 16, 16, 1
573, 16, 16, 1
573, 16, 16, 1
574, 16, 16, 1
574, 16, 16, 1
575, 16, 16, 1
575, 16, 16, 1
576, 16, 16, 1
576, 16, 16, 1
577, 16, 16, 1
577, 16, 16, 1
578, 16, 16, 1
578, 16, 16, 1
579, 16, 16, 1
579, 16, 16, 1
580, 16, 16, 1
580, 16, 16, 1
581, 16, 16, 1
581, 16, 16, 1
582, 16, 16, 1
582, 16, 16, 1
583, 16, 16, 1
583, 16, 16, 1
584, 16, 16, 1
584, 16, 16, 1
585, 16, 16, 1
585, 16, 16, 1
586, 16, 16, 1
586, 16, 16, 1
587, 16, 17, 1
587, 16, 17, 1
588, 16, 17, 1
588, 16, 17, 1
589, 16, 17, 1
589, 16, 17, 1
590, 16, 17, 1
590, 16, 17, 1
591, 16, 17, 1
591, 16, 17, 1
592, 16, 17, 1
592, 16, 17, 1
593, 16, 17, 1
593, 16, 17, 1
594, 16, 17, 1
594, 16, 17, 1
595, 16, 17, 1
595, 16, 17, 1
596, 16, 17, 1
596, 16, 17, 1
597, 16, 17, 1
597, 16, 17, 1
598, 16, 17, 1
598, 16, 17, 1
599, 16, 17, 1
599, 16, 17, 1
600, 16, 17, 1
600, 16, 17, 1
601, 16, 17, 1
601, 16, 17, 1
602, 16, 17, 1
602, 16, 17, 1
603, 16, 17, 1
603, 16, 17, 1
604, 16, 17, 1
604, 16, 17, 1
605, 16, 17, 1
605, 16, 17, 1
606, 16, 17, 1
606, 16, 17, 1
607, 16, 17, 1
607, 16, 17, 1
608, 16, 17, 1
608, 16, 17, 1
609, 16, 17, 1
609, 16, 17, 1
610, 16, 17, 1
610, 16, 17, 1
611, 16, 17, 1
611, 16, 17, 1
612, 16, 17, 1
612, 16, 17, 1
613, 16, 17, 1
613, 16, 17, 1
614, 16, 17, 1
614, 16, 17, 1
615, 16, 17, 1
615, 16, 17, 1
616, 16, 17, 1
616, 16, 17, 1
617, 16, 17, 1
617, 16, 17, 1
618, 16, 17, 1
618, 16, 17, 1
619, 16, 17, 1
619, 16, 17, 1
620, 16, 17, 1
620, 16, 17, 1
621, 16, 17, 1
621, 16, 17, 1
622, 16, 17, 1
622, 16, 17, 1
623, 16, 17, 1
623, 16, 17, 1
624, 16, 17, 1
624, 16, 17, 1
625, 16, 17, 1
625, 16, 17, 1
626, 16, 17, 1
626, 16, 17, 1
627, 16, 17, 1
627, 16, 17, 1
628, 16, 17, 1
628, 16, 17, 1
629, 16, 17, 1
629, 16, 17, 1
630, 16, 17, 1
630, 16, 17, 1
631, 16, 17, 1
631, 16, 17, 1
632, 16, 17, 1
632, 16, 17, 1
633, 16, 17, 1
633, 16, 17, 1
634, 16, 17, 1
634, 16, 17, 1
635, 16, 17, 1
635, 16, 17, 1
636, 16, 17, 1
636, 16, 17, 1
637, 16, 17, 1
637, 16, 17, 1
638, 16, 17, 1
638, 16, 17, 1
639, 16, 17, 1
639, 16, 17, 1
640, 16, 17, 1
640, 16, 17, 1
641, 16, 17, 1
641, 16, 17, 1
642, 16, 17, 1
642, 16, 17, 1
643, 16, 17, 1
643, 16, 17, 1
644, 16, 17, 1
644, 16, 17, 1
645, 16, 17, 1
645, 16, 17, 1
646, 16, 17, 1
646, 16, 17, 1
647, 16, 17, 1
647, 16, 17, 1
648, 16, 17, 1
648, 16, 17, 1
649, 16, 17, 1
649, 16, 17, 1
650, 16, 17, 1
650, 16, 17, 1
651, 16, 17, 1
651, 16, 17, 1
652, 16, 17, 1
652, 16, 17, 1
653, 16, 17, 1
653, 16, 17, 1
654, 16, 17, 1
654, 16, 17, 1
655, 16, 17, 1
655, 16, 17, 1
656, 16, 17, 1
656, 16, 17, 1
657, 16, 17, 1
657, 16, 17, 1
658, 16, 17, 1
658, 16, 17, 1
659, 16, 17, 1
659, 16, 17, 1
660, 16, 17, 1
660, 16, 17, 1
661, 16, 17, 1
661, 16, 17, 1
662, 16, 17, 1
662, 16, 17, 1
663, 16, 17, 1
663, 16, 17, 1
664, 16, 17, 1
664, 16, 17, 1
665, 16, 17, 1
665, 16, 17, 1
666, 16, 17, 1
666, 16, 17, 1
667, 16, 17, 1
667, 16, 17, 1
668, 16, 17, 1
668, 16, 17, 1
669, 16, 17, 1
669, 16, 17, 1
670, 16, 17, 1
670, 16, 17, 1
671, 16, 17, 1
671, 16, 17, 1
672, 16, 17, 1
672, 16, 17, 1
673, 16, 17, 1
673, 16, 17, 1
674, 16, 17, 1
674, 16, 17, 1
675, 16, 17, 1
675, 16, 17, 1
676, 16, 17, 1
676, 16, 17, 1
677, 16, 17, 1
677, 16, 17, 1
678, 16, 17, 1
678, 16, 17, 1
679, 16, 17, 1
679, 16, 17, 1
680, 16, 17, 1
680, 16, 17, 1
681, 16, 17, 1
681, 16, 17, 1
682, 16, 17, 1
682, 16, 17, 1
683, 16, 17, 1
683, 16, 17, 1
684, 16, 17, 1
684, 16, 17, 1
685, 16, 17, 1
685, 16, 17, 1
686, 16, 17, 1
686, 16, 17, 1
687, 16, 17, 1
687, 16, 17, 1
688, 16, 17, 1
688, 16, 17, 1
689, 16, 17, 1
689, 16, 17, 1
690, 16, 17, 1
690, 16, 17, 1
691, 16, 17, 1
691, 16, 17, 1
692, 16, 17, 1
692, 16, 17, 1
693, 16, 17, 1
693, 16, 17, 1
694, 16, 17, 1
694, 16, 17, 1
695, 16, 17, 1
695, 16, 17, 1
696, 16, 17, 1
696, 16, 17, 1
697, 16, 17, 1
697, 16, 17, 1
698, 16, 17, 1
698, 16, 17, 1
699, 16, 17, 1
699, 16, 17, 1
700, 16, 17, 1
700, 16, 17, 1
701, 16, 17, 1
701, 16, 17, 1
702, 16, 17, 1
702, 16, 17, 1
703, 16, 17, 1
703, 16, 17, 1
704, 16, 17, 1
704, 16, 17, 1
705, 16, 17, 1
705, 16, 17, 1
706, 16, 17, 1
706, 16, 17, 1
707, 16, 17, 1
707, 16, 17, 1
708, 16, 17, 1
708, 16, 17, 1
709, 16, 17, 1
709, 16, 17, 1
710, 16, 17, 1
710, 16, 17, 1
711, 16, 17, 1
711, 16, 17, 1
712, 16, 17, 1
712, 16, 17, 1
713, 16, 17, 1
713, 16, 17, 1
714, 16, 17, 1
714, 16, 18, 1
715, 16, 18, 1
715, 16, 18, 1
716, 16, 18, 1
716, 16, 18, 1
717, 16, 18, 1
717, 16, 18, 1
718, 16, 18, 1
718, 16, 18, 1
719, 16, 18, 1
719, 16, 18, 1
720, 16, 18, 1
720, 16, 18, 1
721, 16, 18, 1
721, 16, 18, 1
722, 16, 18, 1
722, 16, 18, 1
723, 16, 18, 1
723, 16, 18, 1
724, 16, 18, 1
724, 16, 18, 1
725, 16, 18, 1
725, 16, 18, 1
726, 16, 18, 1
726, 16, 18, 1
727, 16, 18, 1
727, 16, 18, 1
728, 16, 18, 1
728, 16, 18, 1
729, 16, 18, 1
729, 16, 18, 1
730, 16, 18, 1
730, 16, 18, 1
731, 16, 18, 1
731, 16, 18, 1
732, 16, 18, 1
732, 16, 18, 1
733, 16, 18, 1
733, 16, 18, 1
734, 16, 18, 1
734, 16, 18, 1
735, 16, 18, 1
735, 16, 18, 1
736, 16, 18, 1
736, 16, 18, 1
737, 16, 18, 1
737, 16, 18, 1
738, 16, 18, 1
738, 16, 18, 1
739, 16, 18, 1
739, 16, 18, 1
740, 16, 18, 1
740, 16, 18, 1
741, 16, 18, 1
741, 16, 18, 1
742, 16, 18, 1
742, 16, 18, 1
743, 16, 18, 1
743, 16, 18, 1
744, 16, 18, 1
744, 16, 18, 1
745, 16, 18, 1
745, 16, 18, 1
746, 16, 18, 1
746, 16, 18, 1
747, 16, 18, 1
747, 16, 18, 1
748, 16, 18, 1
748, 16, 18, 1
749, 16, 18, 1
749, 16, 18, 1
750, 16, 18, 1
750, 16, 18, 1
751, 16, 18, 1
751, 16, 18, 1
752, 16, 18, 1
752, 16, 18, 1
753, 16, 18, 1
753, 16, 18, 1
754, 16, 18, 1
754, 16, 18, 1
755, 16, 18, 1
755, 16, 18, 1
756, 16, 18, 1
756, 16, 18, 1
757, 16, 18, 1
757, 16, 18, 1
758, 16, 18, 1
758, 16, 18, 1
759, 16, 18, 1
759, 16, 18, 1
760, 16, 18, 1
760, 16, 18, 1
761, 16, 18, 1
761, 16, 18, 1
762, 16, 18, 1
762, 16, 18, 1
763, 16, 18, 1
763, 16, 18, 1
764, 16, 18, 1
764, 16, 18, 1
765, 16, 18, 1
765, 16, 18, 1
766, 16, 18, 1
766, 16, 18, 1
767, 16, 18, 1
767, 16, 18, 1
768, 16, 18, 1
768, 16, 18, 1
769, 16, 18, 1
769, 16, 18, 1
770, 16, 18, 1
770, 16, 18, 1
771, 16, 18, 1
771, 16, 18, 1
772, 16, 18, 1
772, 16, 18, 1
773, 16, 18, 1
773, 16, 18, 1
774, 16, 18, 1
774, 16, 18, 1
775, 16, 18, 1
775, 16, 18, 1
776, 16, 18, 1
776, 16, 18, 1
777, 16, 18, 1
777, 16, 18, 1
778, 16, 18, 1
778, 16, 18, 1
779, 16, 18, 1
779, 16, 18, 1
780, 16, 18, 1
780, 16, 18, 1
781, 16, 18, 1
781, 16, 18, 1
782, 16, 18, 1
782, 16, 18, 1
783, 16, 18, 1
783, 16, 18, 1
784, 16, 18, 1
784, 16, 18, 1
785, 16, 18, 1
785, 16, 18, 1
786, 16, 18, 1
786, 16, 18, 1
787, 16, 18, 1
787, 16, 18, 1
788, 16, 18, 1
788, 16, 18, 1
789, 16, 18, 1
789, 16, 18, 1
790, 16, 18, 1
790, 16, 18, 1
791, 16, 18, 1
791, 16, 18, 1
792, 16, 18, 1
792, 16, 18, 1
793, 16, 18, 1
793, 16, 18, 1
794, 16, 18, 1
794, 16, 18, 1
795, 16, 18, 1
795, 16, 18, 1
796, 16, 18, 1
796, 16, 18, 1
797, 16, 18, 1
797, 16, 18, 1
798, 16, 18, 1
798, 16, 18, 1
799, 16, 18, 1
799, 16, 18, 1
800, 16, 18, 1
800, 16, 18, 1
801, 16, 18, 1
801, 16, 18, 1
802, 16, 18, 1
802, 16, 18, 1
803, 16, 18, 1
803, 16, 18, 1
804, 16, 18, 1
804, 16, 18, 1
805, 16, 18, 1
805, 16, 18, 1
806, 16, 18, 1
806, 16, 18, 1
807, 16, 18, 1
807, 16, 18, 1
808, 16, 18, 1
808, 16, 18, 1
809, 16, 18, 1
809, 16, 18, 1
810, 16, 18, 1
810, 16, 18, 1
811, 16, 18, 1
811, 16, 18, 1
812, 16, 18, 1
812, 16, 18, 1
813, 16, 18, 1
813, 16, 18, 1
814, 16, 18, 1
814, 16, 18, 1
815, 16, 18, 1
815, 16, 18, 1
816, 16, 18, 1
816, 16, 18, 1
817, 16, 18, 1
817, 16, 18, 1
818, 16, 18, 1
818, 16, 18, 1
819, 16, 18, 1
819, 16, 18, 1
820, 16, 18, 1
820, 16, 18, 1
821, 16, 18, 1
821, 16, 18, 1
822, 16, 18, 1
822, 16, 18, 1
823, 16, 18, 1
823, 16, 18, 1
824, 16, 18, 1
824, 16, 18, 1
825, 16, 18, 1
825, 16, 18, 1
826, 16, 18, 1
826, 16, 18, 1
827, 16, 18, 1
827, 16, 18, 1
828, 16, 18, 1
828, 16, 18, 1
829, 16, 18, 1
829, 16, 18, 1
830, 16, 18, 1
830, 16, 18, 1
831, 16, 18, 1
831, 16, 18, 1
832, 16, 18, 1
832, 16, 18, 1
833, 16, 18, 1
833, 16, 18, 1
834, 16, 18, 1
834, 16, 18, 1
835, 16, 18, 1
835, 16, 18, 1
836, 16, 18, 1
836, 16, 18, 1
837, 16, 18, 1
837, 16, 18, 1
838, 16, 18, 1
838, 16, 18, 1
839, 16, 18, 1
839, 16, 18, 1
840, 16, 18, 1
840, 16, 18, 1
841, 16, 18, 1
841, 16, 18, 1
842, 16, 18, 1
842, 16, 18, 1
843, 16, 18, 1
843, 16, 18, 1
844, 16, 18, 1
844, 16, 18, 1
845, 16, 18, 1
845, 16, 18, 1
846, 16, 18, 1
846, 16, 18, 1
847, 16, 18, 1
847, 16, 18, 1
848, 16, 18, 1
848, 16, 18, 1
849, 16, 18, 1
849, 16, 18, 1
850, 16, 18, 1
850, 16, 18, 1
851, 16, 18, 1
851, 16, 18, 1
852, 16, 18, 1
852, 16, 18, 1
853, 16, 18, 1
853, 16, 18, 1
854, 16, 18, 1
854, 16, 18, 1
855, 16, 18, 1
855, 16, 18, 1
856, 16, 18, 1
856, 16, 18, 1
857, 16, 18, 1
857, 16, 18, 1
858, 16, 18, 1
858, 16, 18, 1
859, 16, 18, 1
859, 16, 18, 1
860, 16, 18, 1
860, 16, 18, 1
861, 16, 18, 1
861, 16, 18, 1
862, 16, 18, 1
862, 16, 18, 1
863, 16, 18, 1
863, 16, 18, 1
864, 16, 18, 1
864, 16, 18, 1
865, 16, 18, 1
865, 16, 18, 1
866, 16, 18, 1
866, 16, 18, 1
867, 16, 18, 1
867, 16, 18, 1
868, 16, 18, 1
868, 16, 18, 1
869, 16, 18, 1
869, 16, 18, 1
870, 16, 18, 1
870, 16, 18, 1
871, 16, 18, 1
871, 16, 18, 1
872, 16, 18, 1
872, 16, 18, 1
873, 16, 18, 1
873, 16, 18, 1
874, 16, 18, 1
874, 16, 18, 1
875, 16, 18, 1
875, 16, 18, 1
876, 16, 18, 1
876, 16, 18, 1
877, 16, 18, 1
877, 16, 18, 1
878, 16, 18, 1
878, 16, 18, 1
879, 16, 18, 1
879, 16, 18, 1
880, 16, 18, 1
880, 16, 18, 1
881, 16, 18, 1
881, 16, 18, 1
882, 16, 18, 1
882, 16, 18, 1
883, 16, 18, 1
883, 16, 18, 1
884, 16, 18, 1
884, 16, 18, 1
885, 16, 19, 1
885, 16, 19, 1
886, 16, 19, 1
886, 16, 19, 1
887, 16, 19, 1
887, 16, 19, 1
888, 16, 19, 1
888, 16, 19, 1
889, 16, 19, 1
889, 16, 19, 1
890, 16, 19, 1
890, 16, 19, 1
891, 16, 19, 1
891, 16, 19, 1
892, 16, 19, 1
892, 16, 19, 1
893, 16, 19, 1
893, 16, 19, 1
894, 16, 19, 1
894, 16, 19, 1
895, 16, 19, 1
895, 16, 19, 1
896, 16, 19, 1
896, 16, 19, 1
897, 16, 19, 1
897, 16, 19, 1
898, 16, 19, 1
898, 16, 19, 1
899, 16, 19, 1
899, 16, 19, 1
900, 16, 19, 1
900, 16, 19, 1
901, 16, 19, 1
901, 16, 19, 1
902, 16, 19, 1
902, 16, 19, 1
903, 16, 19, 1
903, 16, 19, 1
904, 16, 19, 1
904, 16, 19, 1
905, 16, 19, 1
905, 16, 19, 1
906, 16, 19, 1
906, 16, 19, 1
907, 16, 19, 1
907, 16, 19, 1
908, 16, 19, 1
908, 16, 19, 1
909, 16, 19, 1
909, 16, 19, 1
910, 16, 19, 1
910, 16, 19, 1
911, 16, 19, 1
911, 16, 19, 1
912, 16, 19, 1
912, 16, 19, 1
913, 16, 19, 1
913, 16, 19, 1
914, 16, 19, 1
914, 16, 19, 1
915, 16, 19, 1
915, 16, 19, 1
916, 16, 19, 1
916, 16, 19, 1
917, 16, 19, 1
917, 16, 19, 1
918, 16, 19, 1
918, 16, 19, 1
919, 16, 19, 1
919, 16, 19, 1
920, 16, 19, 1
920, 16, 19, 1
921, 16, 19, 1
921, 16, 19, 1
922, 16, 19, 1
922, 16, 19, 1
923, 16, 19, 1
923, 16, 19, 1
924, 16, 19, 1
924, 16, 19, 1
925, 16, 19, 1
925, 16, 19, 1
926, 16, 19, 1
926, 16, 19, 1
927, 16, 19, 1
927, 16, 19, 1
928, 16, 19, 1
928, 16, 19, 1
929, 16, 19, 1
929, 16, 19, 1
930, 16, 19, 1
930, 16, 19, 1
931, 16, 19, 1
931, 16, 19, 1
932, 16, 19, 1
932, 16, 19, 1
933, 16, 19, 1
933, 16, 19, 1
934, 16, 19, 1
934, 16, 19, 1
935, 16, 19, 1
935, 16, 19, 1
936, 16, 19, 1
936, 16, 19, 1
937, 16, 19, 1
937, 16, 19, 1
938, 16, 19, 1
938, 16, 19, 1
939, 16, 19, 1
939, 16, 19, 1
940, 16, 19, 1
940, 16, 19, 1
941, 16, 19, 1
941, 16, 19, 1
942, 16, 19, 1
942, 16, 19, 1
943, 16, 19, 1
943, 16, 19, 1
944, 16, 19, 1
944, 16, 19, 1
945, 16, 19, 1
945, 16, 19, 1
946, 16, 19, 1
946, 16, 19, 1
947, 16, 19, 1
947, 16, 19, 1
948, 16, 19, 1
948, 16, 19, 1
949, 16, 19, 1
949, 16, 19, 1
950, 16, 19, 1
950, 16, 19, 1
951, 16, 19, 1
951, 16, 19, 1
952, 16, 19, 1
952, 16, 19, 1
953, 16, 19, 1
953, 16, 19, 1
954, 16, 19, 1
954, 16, 19, 1
955, 16, 19, 1
955, 16, 19, 1
956, 16, 19, 1
956, 16, 19, 1
957, 16, 19, 1
957, 16, 19, 1
958, 16, 19, 1
958, 16, 19, 1
959, 16, 19, 1
959, 16, 19, 1
960, 16, 19, 1
960, 16, 19, 1
961, 16, 19, 1
961, 16, 19, 1
962, 16, 19, 1
962, 16, 19, 1
963, 16, 19, 1
963, 16, 19, 1
964, 16, 19, 1
964, 16, 19, 1
965, 16, 19, 1
965, 16, 19, 1
966, 16, 19, 1
966, 16, 19, 1
967, 16, 19, 1
967, 16, 19, 1
968, 16, 19, 1
968, 16, 19, 1
969, 16, 19, 1
969, 16, 19, 1
970, 16, 19, 1
970, 16, 19, 1
971, 16, 19, 1
971, 16, 19, 1
972, 16, 19, 1
972, 16, 19, 1
973, 16, 19, 1
973, 16, 19, 1
974, 16, 19, 1
974, 16, 19, 1
975, 16, 19, 1
975, 16, 19, 1
976, 16, 19, 1
976, 16, 19, 1
977, 16, 19, 1
977, 16, 19, 1
978, 16, 19, 1
978, 16, 19, 1
979, 16, 19, 1
979, 16, 19, 1
980, 16, 19, 1
980, 16, 19, 1
981, 16, 19, 1
981, 16, 19, 1
982, 16, 19, 1
982, 16, 19, 1
983, 16, 19, 1
983, 16, 19, 1
984, 16, 19, 1
984, 16, 19, 1
985, 16, 19, 1
985, 16, 19, 1
986, 16, 19, 1
986, 16, 19, 1
987, 16, 19, 1
987, 16, 19, 1
988, 16, 19, 1
988, 16, 19, 1
989, 16, 19, 1
989, 16, 19, 1
990, 16, 19, 1
990, 16, 19, 1
991, 16, 19, 1
991, 16, 19, 1
992, 16, 19, 1
992, 16, 19, 1
993, 16, 19, 1
993, 16, 19, 1
994, 16, 19, 1
994, 16, 19, 1
995, 16, 19, 1
995, 16, 19, 1
996, 16, 19, 1
996, 16, 19, 1
997, 16, 19, 1
997, 16, 19, 1
998, 16, 19, 1
998, 16, 19, 1
999, 16, 19, 1
999, 16, 19, 1
1000, 16, 19, 1
1000, 16, 19, 1
1001, 16, 19, 1
1001, 16, 19, 1
1002, 16, 19, 1
1002, 16, 19, 1
1003, 16, 19, 1
1003, 16, 19, 1
1004, 16, 19, 1
1004, 16, 19, 1
1005, 16, 19, 1
1005, 16, 19, 1
1006, 16, 19, 1
1006, 16, 19, 1
1007, 16, 19, 1
1007, 16, 19, 1
1008, 16, 19, 1
1008, 16, 19, 1
1009, 16, 19, 1
1009, 16, 19, 1
1010, 16, 19, 1
1010, 16, 19, 1
1011, 16, 19, 1
1011, 16, 19, 1
1012, 16, 19, 1
1012, 16, 19, 1
1013, 16, 19, 1
1013, 16, 19, 1
1014, 16, 19, 1
1014, 16, 19, 1
1015, 16, 19, 1
1015, 16, 19, 1
1016, 16, 19, 1
1016, 16, 19, 1
1017, 16, 19, 1
1017, 16, 19, 1
1018, 16, 19, 1
1018, 16, 19, 1
1019, 16, 19, 1
1019, 16, 19, 1
1020, 16, 19, 1
1020, 16, 19, 1
1021, 16, 19, 1
1021, 16, 19, 1
1022, 16, 19, 1
1022, 16, 19, 1
1023, 16, 19, 1
1023, 16, 19, 1
1024, 16, 19, 1
1024, 16, 19, 1
1025, 16, 19, 1
1025, 16, 19, 1
1026, 16, 19, 1
1026, 16, 19, 1
1027, 16, 19, 1
1027, 16, 19, 1
1028, 16, 19, 1
1028, 16, 19, 1
1029, 16, 19, 1
1029, 16, 19, 1
1030, 16, 19, 1
1030, 16, 19, 1
1031, 16, 19, 1
1031, 16, 19, 1
1032, 16, 19, 1
1032, 16, 19, 1
1033, 16, 19, 1
1033, 16, 19, 1
1034, 16, 19, 1
1034, 16, 19, 1
1035, 16, 19, 1
1035, 16, 19, 1
1036, 16, 19, 1
1036, 16, 19, 1
1037, 16, 19, 1
1037, 16, 19, 1
1038, 16, 19, 1
1038, 16, 19, 1
1039, 16, 19, 1
1039, 16, 19, 1
1040, 16, 19, 1
1040, 16, 19, 1
1041, 16, 19, 1
1041, 16, 19, 1
1042, 16, 19, 1
1042, 16, 19, 1
1043, 16, 19, 1
1043, 16, 19, 1
1044, 16, 19, 1
1044, 16, 19, 1
1045, 16, 19, 1
1045, 16, 19, 1
1046, 16, 19, 1
1046, 16, 19, 1
1047, 16, 19, 1
1047, 16, 19, 1
1048, 16, 19, 1
1048, 16, 19, 1
1049, 16, 19, 1
1049, 16, 19, 1
1050, 16, 19, 1
1050, 16, 19, 1
1051, 16, 19, 1
1051, 16, 19, 1
1052, 16, 19, 1
1052, 16, 19, 1
1053, 16, 19, 1
1053, 16, 19, 1
1054, 16, 19, 1
1054, 16, 19, 1
1055, 16, 19, 1
1055, 16, 19, 1
1056, 16, 19, 1
1056, 16, 19, 1
1057, 16, 19, 1
1057, 16, 19, 1
1058, 16, 19, 1
1058, 16, 19, 1
1059, 16, 19, 1
1059, 16, 19, 1
1060, 16, 19, 1
1060, 16, 19, 1
1061, 16, 19, 1
1061, 16, 19, 1
1062, 16, 19, 1
1062, 16, 19, 1
1063, 16, 19, 1
1063, 16, 19, 1
1064, 16, 19, 1
1064, 16, 19, 1
1065, 16, 19, 1
1065, 16, 19, 1
1066, 16, 19, 1
1066, 16, 19, 1
1067, 16, 19, 1
1067, 16, 19, 1
1068, 16, 19, 1
1068, 16, 19, 1
1069, 16, 19, 1
1069, 16, 19, 1
1070, 16, 19, 1
1070, 16, 19, 1
1071, 16, 19, 1
1071, 16, 19, 1
1072, 16, 19, 1
1072, 16, 19, 1
1073, 16, 19, 1
1073, 16, 19, 1
1074, 16, 19, 1
1074, 16, 19, 1
1075, 16, 19, 1
1075, 16, 19, 1
1076, 16, 19, 1
1076, 16, 19, 1
1077, 16, 19, 1
1077, 16, 19, 1
1078, 16, 19, 1
1078, 16, 19, 1
1079, 16, 19, 1
1079, 16, 19, 1
1080, 16, 19, 1
1080, 16, 19, 1
1081, 16, 19, 1
1081, 16, 19, 1
1082, 16, 19, 1
1082, 16, 19, 1
1083, 16, 19, 1
1083, 16, 19, 1
1084, 16, 19, 1
1084, 16, 19, 1
1085, 16, 19, 1
1085, 16, 19, 1
1086, 16, 19, 1
1086, 16, 19, 1
1087, 16, 19, 1
1087, 16, 19, 1
1088, 16, 19, 1
1088, 16, 19, 1
1089, 16, 19, 1
1089, 16, 19, 1
1090, 16, 19, 1
1090, 16, 19, 1
1091, 16, 19, 1
1091, 16, 19, 1
1092, 16, 19, 1
1092, 16, 19, 1
1093, 16, 19, 1
1093, 16, 19, 1
1094, 16, 19, 1
1094, 16, 19, 1
1095, 16, 19, 1
1095, 16, 19, 1
1096, 16, 19, 1
1096, 16, 19, 1
1097, 16, 19, 1
1097, 16, 19, 1
1098, 16, 19, 1
1098, 16, 19, 1
1099, 16, 19, 1
1099, 16, 19, 1
1100, 16, 19, 1
1100, 16, 19, 1
1101, 16, 19, 1
1101, 16, 19, 1
1102, 16, 19, 1
1102, 16, 19, 1
1103, 16, 19, 1
1103, 16, 19, 1
1104, 16, 19, 1
1104, 16, 19, 1
1105, 16, 19, 1
1105, 16, 19, 1
1106, 16, 19, 1
1106, 16, 19, 1
1107, 16, 19, 1
1107, 16, 19, 1
1108, 16, 19, 1
1108, 16, 19, 1
1109, 16, 19, 1
1109, 16, 19, 1
1110, 16, 19, 1
1110, 16, 19, 1
1111, 16, 19, 1
1111, 16, 19, 1
1112, 16, 19, 1
1112, 16, 19, 1
1113, 16, 19, 1
1113, 16, 19, 1
1114, 16, 19, 1
1114, 16, 19, 1
1115, 16, 19, 1
1115, 16, 19, 1
1116, 16, 19, 1
1116, 16, 19, 1
1117, 16, 19, 1
1117, 16, 19, 1
1118, 16, 19, 1
1118, 16, 19, 1
1119, 16, 19, 1
1119, 16, 19, 1
1120, 16, 19, 1
1120, 16, 19, 1
1121, 16, 19, 1
1121, 16, 19, 1
1122, 16, 19, 1
1122, 16, 19, 1
1123, 16, 19, 1
1123, 16, 19, 1
1124, 16, 19, 1
1124, 16, 19, 1
1125, 16, 19, 1
1125, 16, 19, 1
1126, 16, 19, 1
1126, 16, 19, 1
1127, 16, 19, 1
1127, 16, 19, 1
1128, 16, 19, 1
1128, 16, 19, 1
1129, 16, 19, 1
1129, 16, 19, 1
1130, 16, 19, 1
1130, 16, 19, 1
1131, 16, 19, 1
1131, 16, 19, 1
1132, 16, 19, 1
1132, 16, 19, 1
1133, 16, 19, 1
1133, 16, 19, 1
1134, 16, 19, 1
1134, 16, 19, 1
1135, 16, 19, 1
1135, 16, 19, 1
1136, 16, 19, 1
1136, 16, 19, 1
1137, 16, 19, 1
1137, 16, 19, 1
1138, 16, 19, 1
1138, 16, 19, 1
1139, 16, 19, 1
1139, 16, 19, 1
1140, 16, 19, 1
1140, 16, 19, 1
1141, 16, 19, 1
1141, 16, 19, 1
1142, 16, 19, 1
1142, 16, 19, 1
1143, 16, 19, 1
1143, 16, 19, 1
1144, 16, 19, 1
1144, 16, 19, 1
1145, 16, 19, 1
1145, 16, 19, 1
1146, 16, 19, 1
1146, 16, 19, 1
1147, 16, 19, 1
1147, 16, 19, 1
1148, 16, 19, 1
1148, 16, 19, 1
1149, 16, 19, 1
1149, 16, 19, 1
1150, 16, 19, 1
1150, 16, 19, 1
1151, 16, 19, 1
1151, 16, 19, 1
1152, 16, 19, 1
1152, 16, 19, 1
1153, 16, 19, 1
1153, 16, 19, 1
1154, 16, 19, 1
1154, 16, 19, 1
1155, 16, 19, 1
1155, 16, 19, 1
1156, 16, 19, 1
1156, 16, 19, 1
1157, 16, 19, 1
1157, 16, 19, 1
1158, 16, 19, 1
1158, 16, 19, 1
1159, 16, 19, 1
1159, 16, 19, 1
1160, 16, 19, 1
1160, 16, 19, 1
1161, 16, 19, 1
1161, 16, 19, 1
1162, 16, 19, 1
1162, 16, 19, 1
1163, 16, 19, 1
1163, 16, 19, 1
1164, 16, 19, 1
1164, 16, 19, 1
1165, 16, 19, 1
1165, 16, 19, 1
1166, 16, 19, 1
1166, 16, 19, 1
1167, 16, 19, 1
1167, 16, 19, 1
1168, 16, 19, 1
1168, 16, 19, 1
1169, 16, 19, 1
1169, 16, 19, 1
1170, 16, 19, 1
1170, 16, 19, 1
1171, 16, 19, 1
1171, 16, 19, 1
1172, 16, 19, 1
1172, 16, 19, 1
1173, 16, 19, 1
1173, 16, 19, 1
1174, 16, 19, 1
1174, 16, 19, 1
1175, 16, 19, 1
1175, 16, 19, 1
1176, 16, 19, 1
1176, 16, 19, 1
1177, 16, 19, 1
1177, 16, 19, 1
1178, 16, 19, 1
1178, 16, 19, 1
1179, 16, 19, 1
1179, 16, 19, 1
1180, 16, 19, 1
1180, 16, 19, 1
1181, 16, 19, 1
1181, 16, 19, 1
1182, 16, 19, 1
1182, 16, 19, 1
1183, 16, 19, 1
1183, 16, 19, 1
1184, 16, 19, 1
1184, 16, 19, 1
1185, 16, 19, 1
1185, 16, 19, 1
1186, 16, 19, 1
1186, 16, 19, 1
1187, 16, 19, 1
1187, 16, 19, 1
1188, 16, 19, 1
1188, 16, 19, 1
1189, 16, 19, 1
1189, 16, 19, 1
1190, 16, 19, 1
1190, 16, 19, 1
1191, 16, 19, 1
1191, 16, 19, 1
1192, 16, 19, 1
1192, 16, 19, 1
1193, 16, 19, 1
1193, 16, 19, 1
1194, 16, 19, 1
1194, 16, 19, 1
1195, 16, 19, 1
1195, 16, 19, 1
1196, 16, 19, 1
1196, 16, 19, 1
1197, 16, 19, 1
1197, 16, 19, 1
1198, 16, 19, 1
1198, 16, 19, 1
1199, 16, 19, 1
1199, 16, 19, 1
1200, 16, 19, 1
1200, 16, 19, 1
1201, 16, 19, 1
1201, 16, 19, 1
1202, 16, 19, 1
1202, 16, 19, 1
1203, 16, 19, 1
1203, 16, 19, 1
1204, 16, 19, 1
1204, 16, 19, 1
1205, 16, 19, 1
1205, 16, 19, 1
1206, 16, 19, 1
1206, 16, 19, 1
1207, 16, 19, 1
1207, 16, 19, 1
1208, 16, 19, 1
1208, 16, 19, 1
1209, 16, 19, 1
1209, 16, 19, 1
1210, 16, 19, 1
1210, 16, 19, 1
1211, 16, 19, 1
1211, 16, 19, 1
1212, 16, 19, 1
1212, 16, 19, 1
1213, 16, 19, 1
1213, 16, 19, 1
1214, 16, 19, 1
1214, 16, 19, 1
1215, 16, 19, 1
1215, 16, 19, 1
1216, 16, 19, 1
1216, 16, 19, 1
1217, 16, 19, 1
1217, 16, 19, 1
1218, 16, 19, 1
1218, 16, 19, 1
1219, 16, 19, 1
1219, 16, 19, 1
1220, 16, 19, 1
1220, 16, 19, 1
1221, 16, 19, 1
1221, 16, 19, 1
1222, 16, 19, 1
1222, 16, 19, 1
1223, 16, 19, 1
1223, 16, 19, 1
1224, 16, 19, 1
1224, 16, 19, 1
1225, 16, 19, 1
1225, 16, 19, 1
1226, 16, 19, 1
1226, 16, 19, 1
1227, 16, 19, 1
1227, 16, 19, 1
1228, 16, 19, 1
1228, 16, 19, 1
1229, 16, 19, 1
1229, 16, 19, 1
1230, 16, 19, 1
1230, 16, 19, 1
1231, 16, 19, 1
1231, 16, 19, 1
1232, 16, 19, 1
1232, 16, 19, 1
1233, 16, 19, 1
1233, 16, 19, 1
1234, 16, 19, 1
1234, 16, 19, 1
1235, 16, 19, 1
1235, 16, 19, 1
1236, 16, 19, 1
1236, 16, 19, 1
1237, 16, 19, 1
1237, 16, 19, 1
1238, 16, 19, 1
1238, 16, 19, 1
1239, 16, 19, 1
1239, 16, 19, 1
1240, 16, 19, 1
1240, 16, 19, 1
1241, 16, 19, 1
1241, 16, 19, 1
1242, 16, 19, 1
1242, 16, 19, 1
1243, 16, 19, 1
1243, 16, 19, 1
1244, 16, 19, 1
1244, 16, 19, 1
1245, 16, 19, 1
1245, 16, 19, 1
1246, 16, 19, 1
1246, 16, 19, 1
1247, 16, 19, 1
1247, 16, 19, 1
1248, 16, 19, 1
1248, 16, 19, 1
1249, 16, 19, 1
1249, 16, 19, 1
1250, 16, 19, 1
1250, 16, 19, 1
1251, 16, 19, 1
1251, 16, 19, 1
1252, 16, 19, 1
1252, 16, 19, 1
1253, 16, 19, 1
1253, 16, 19, 1
1254, 16, 19, 1
1254, 16, 19, 1
1255, 16, 19, 1
1255, 16, 19, 1
1256, 16, 19, 1
1256, 16, 19, 1
1257, 16, 19, 1
1257, 16, 19, 1
1258, 16, 19, 1
1258, 16, 19, 1
1259, 16, 19, 1
1259, 16, 19, 1
1260, 16, 19, 1
1260, 16, 19, 1
1261, 16, 19, 1
1261, 16, 19, 1
1262, 16, 19, 1
1262, 16, 19, 1
1263, 16, 19, 1
1263, 16, 19, 1
1264, 16, 19, 1
1264, 16, 19, 1
1265, 16, 19, 1
1265, 16, 19, 1
1266, 16, 19, 1
1266, 16, 19, 1
1267, 16, 19, 1
1267, 16, 19, 1
1268, 16, 19, 1
1268, 16, 19, 1
1269, 16, 19, 1
1269, 16, 19, 1
1270, 16, 19, 1
1270, 16, 19, 1
1271, 16, 19, 1
1271, 16, 19, 1
1272, 16, 19, 1
1272, 16, 19, 1
1273, 16, 19, 1
1273, 16, 19, 1
1274, 16, 19, 1
1274, 16, 19, 1
1275, 16, 19, 1
1275, 16, 19, 1
1276, 16, 19, 1
1276, 16, 19, 1
1277, 16, 19, 1
1277, 16, 19, 1
1278, 16, 19, 1
1278, 16, 19, 1
1279, 16, 19, 1
1279, 16, 19, 1
1280, 16, 19, 1
1280, 16, 19, 1
1281, 16, 19, 1
1281, 16, 19, 1
1282, 16, 19, 1
1282, 16, 19, 1
1283, 16, 19, 1
1283, 16, 19, 1
1284, 16, 19, 1
1284, 16, 19, 1
1285, 16, 19, 1
1285, 16, 19, 1
1286, 16, 19, 1
1286, 16, 19, 1
1287, 16, 19, 1
1287, 16, 19, 1
1288, 16, 19, 1
1288, 16, 19, 1
1289, 16, 19, 1
1289, 16, 19, 1
1290, 16, 19, 1
1290, 16, 19, 1
1291, 16, 19, 1
1291, 16, 19, 1
1292, 16, 19, 1
1292, 16, 19, 1
1293, 16, 19, 1
1293, 16, 19, 1
1294, 16, 19, 1
1294, 16, 19, 1
1295, 16, 19, 1
1295, 16, 19, 1
1296, 16, 19, 1
1296, 16, 19, 1
1297, 16, 19, 1
1297, 16, 19, 1
1298, 16, 19, 1
1298, 16, 19, 1
1299, 16, 19, 1
1299, 16, 19, 1
1300, 16, 19, 1
1300, 16, 19, 1
1301, 16, 19, 1
1301, 16, 19, 1
1302, 16, 19, 1
1302, 16, 19, 1
1303, 16, 19, 1
1303, 16, 19, 1
1304, 16, 19, 1
1304, 16, 19, 1
1305, 16, 19, 1
1305, 16, 19, 1
1306, 16, 19, 1
1306, 16, 19, 1
1307, 16, 19, 1
1307, 16, 19, 1
1308, 16, 19, 1
1308, 16, 19, 1
1309, 16, 19, 1
1309, 16, 19, 1
1310, 16, 19, 1
1310, 16, 19, 1
1311, 16, 19, 1
1311, 16, 19, 1
1312, 16, 19, 1
1312, 16, 19, 1
1313, 16, 19, 1
1313, 16, 19, 1
1314, 16, 19, 1
1314, 16, 19, 1
1315, 16, 19, 1
1315, 16, 19, 1
1316, 16, 19, 1
1316, 16, 19, 1
1317, 16, 19, 1
1317, 16, 19, 1
1318, 16, 19, 1
1318, 16, 19, 1
1319, 16, 19, 1
1319, 16, 19, 1
1320, 16, 19, 1
1320, 16, 19, 1
1321, 16, 19, 1
1321, 16, 19, 1
1322, 16, 19, 1
1322, 16, 19, 1
1323, 16, 19, 1
1323, 16, 19, 1
1324, 16, 19, 1
1324, 16, 19, 1
1325, 16, 19, 1
1325, 16, 19, 1
1326, 16, 19, 1
1326, 16, 19, 1
1327, 16, 19, 1
1327, 16, 19, 1
1328, 16, 19, 1
1328, 16, 19, 1
1329, 16, 19, 1
1329, 16, 19, 1
1330, 16, 19, 1
1330, 16, 19, 1
1331, 16, 19, 1
1331, 16, 19, 1
1332, 16, 19, 1
1332, 16, 19, 1
1333, 16, 19, 1
1333, 16, 19, 1
1334, 16, 19, 1
1334, 16, 19, 1
1335, 16, 19, 1
1335, 16, 19, 1
1336, 16, 19, 1
1336, 16, 19, 1
1337, 16, 19, 1
1337, 16, 19, 1
1338, 16, 19, 1
1338, 16, 19, 1
1339, 16, 19, 1
1339, 16, 19, 1
1340, 16, 19, 1
1340, 16, 19, 1
1341, 16, 19, 1
1341, 16, 19, 1
1342, 16, 19, 1
1342, 16, 19, 1
1343, 16, 19, 1
1343, 16, 19, 1
1344, 16, 19, 1
1344, 16, 19, 1
1345, 16, 19, 1
1345, 16, 19, 1
1346, 16, 19, 1
1346, 16, 19, 1
1347, 16, 19, 1
1347, 16, 19, 1
1348, 16, 19, 1
1348, 16, 19, 1
1349, 16, 19, 1
1349, 16, 19, 1
1350, 16, 19, 1
1350, 16, 19, 1
1351, 16, 19, 1
1351, 16, 19, 1
1352, 16, 19, 1
1352, 16, 19, 1
1353, 16, 19, 1
1353, 16, 19, 1
1354, 16, 19, 1
1354, 16, 19, 1
1355, 16, 19, 1
1355, 16, 19, 1
1356, 16, 19, 1
1356, 16, 19, 1
1357, 16, 19, 1
1357, 16, 19, 1
1358, 16, 19, 1
1358, 16, 19, 1
1359, 16, 19, 1
1359, 16, 19, 1
1360, 16, 19, 1
1360, 16, 19, 1
1361, 16, 19, 1
1361, 16, 19, 1
1362, 16, 19, 1
1362, 16, 19, 1
1363, 16, 19, 1
1363, 16, 19, 1
1364, 16, 19, 1
1364, 16, 19, 1
1365, 16, 19, 1
1365, 16, 19, 1
1366, 16, 19, 1
1366, 16, 19, 1
1367, 16, 19, 1
1367, 16, 19, 1
1368, 16, 19, 1
1368, 16, 19, 1
1369, 16, 19, 1
1369, 16, 19, 1
1370, 16, 19, 1
1370, 16, 19, 1
1371, 16, 19, 1
1371, 16, 19, 1
1372, 16, 19, 1
1372, 16, 19, 1
1373, 16, 19, 1
1373, 16, 19, 1
1374, 16, 19, 1
1374, 16, 19, 1
1375, 16, 19, 1
1375, 16, 19, 1
1376, 16, 19, 1
1376, 16, 19, 1
1377, 16, 19, 1
1377, 16, 19, 1
1378, 16, 19, 1
1378, 16, 19, 1
1379, 16, 19, 1
1379, 16, 19, 1
1380, 16, 19, 1
1380, 16, 19, 1
1381, 16, 19, 1
1381, 16, 19, 1
1382, 16, 19, 1
1382, 16, 19, 1
1383, 16, 19, 1
1383, 16, 19, 1
1384, 16, 19, 1
1384, 16, 19, 1
1385, 16, 19, 1
1385, 16, 19, 1
1386, 16, 19, 1
1386, 16, 19, 1
1387, 16, 19, 1
1387, 16, 19, 1
1388, 16, 19, 1
1388, 16, 19, 1
1389, 16, 19, 1
1389, 16, 19, 1
1390, 16, 19, 1
1390, 16, 19, 1
1391, 16, 19, 1
1391, 16, 19, 1
1392, 16, 19, 1
1392, 16, 19, 1
1393, 16, 19, 1
1393, 16, 19, 1
1394, 16, 19, 1
1394, 16, 19, 1
1395, 16, 19, 1
1395, 16, 19, 1
1396, 16, 19, 1
1396, 16, 19, 1
1397, 16, 19, 1
1397, 16, 19, 1
1398, 16, 19, 1
1398, 16, 19, 1
1399, 16, 19, 1
1399, 16, 19, 1
1400, 16, 19, 1
1400, 16, 19, 1
1401, 16, 19, 1
1401, 16, 19, 1
1402, 16, 19, 1
1402, 16, 19, 1
1403, 16, 19, 1
1403, 16, 19, 1
1404, 16, 19, 1
1404, 16, 19, 1
1405, 16, 19, 1
1405, 16, 19, 1
1406, 16, 19, 1
1406, 16, 19, 1
1407, 16, 19, 1
1407, 16, 19, 1
1408, 16, 19, 1
1408, 16, 19, 1
1409, 16, 19, 1
1409, 16, 19, 1
1410, 16, 19, 1
1410, 16, 19, 1
1411, 16, 19, 1
1411, 16, 19, 1
1412, 16, 19, 1
1412, 16, 19, 1
1413, 16, 19, 1
1413, 16, 19, 1
1414, 16, 19, 1
1414, 16, 19, 1
1415, 16, 19, 1
1415, 16, 19, 1
1416, 16, 19, 1
1416, 16, 19, 1
1417, 16, 19, 1
1417, 16, 19, 1
1418, 16, 19, 1
1418, 16, 19, 1
1419, 16, 19, 1
1419, 16, 19, 1
1420, 16, 19, 1
1420, 16, 19, 1
1421, 16, 19, 1
1421, 16, 19, 1
1422, 16, 19, 1
1422, 16, 19, 1
1423, 16, 19, 1
1423, 16, 19, 1
1424, 16, 19, 1
1424, 16, 19, 1
1425, 16, 19, 1
1425, 16, 19, 1
1426, 16, 19, 1
1426, 16, 19, 1
1427, 16, 19, 1
1427, 16, 19, 1
1428, 16, 19, 1
1428, 16, 19, 1
1429, 16, 19, 1
1429, 16, 19, 1
1430, 16, 19, 1
1430, 16, 19, 1
1431, 16, 19, 1
1431, 16, 19, 1
1432, 16, 19, 1
1432, 16, 19, 1
1433, 16, 19, 1
1433, 16, 19, 1
1434, 16, 19, 1
1434, 16, 19, 1
1435, 16, 19, 1
1435, 16, 19, 1
1436, 16, 19, 1
1436, 16, 19, 1
1437, 16, 19, 1
1437, 16, 19, 1
1438, 16, 19, 1
1438, 16, 19, 1
1439, 16, 19, 1
1439, 16, 19, 1
1440, 16, 19, 1
1440, 16, 19, 1
1441, 16, 19, 1
1441, 16, 19, 1
1442, 16, 19, 1
1442, 16, 19, 1
1443, 16, 19, 1
1443, 16, 19, 1
1444, 16, 19, 1
1444, 16, 19, 1
1445, 16, 19, 1
1445, 16, 19, 1
1446, 16, 19, 1
1446, 16, 19, 1
1447, 16, 19, 1
1447, 16, 19, 1
1448, 16, 19, 1
1448, 16, 19, 1
1449, 16, 19, 1
1449, 16, 19, 1
1450, 16, 19, 1
1450, 16, 19, 1
1451, 16, 19, 1
1451, 16, 19, 1
1452, 16, 19, 1
1452, 16, 19, 1
1453, 16, 19, 1
1453, 16, 19, 1
1454, 16, 19, 1
1454, 16, 19, 1
1455, 16, 19, 1
1455, 16, 19, 1
1456, 16, 19, 1
1456, 16, 19, 1
1457, 16, 19, 1
1457, 16, 19, 1
1458, 16, 19, 1
1458, 16, 19, 1
1459, 16, 19, 1
1459, 16, 19, 1
1460, 16, 19, 1
1460, 16, 19, 1
1461, 16, 19, 1
1461, 16, 19, 1
1462, 16, 19, 1
1462, 16, 19, 1
1463, 16, 19, 1
1463, 16, 19, 1
1464, 16, 19, 1
1464, 16, 19, 1
1465, 16, 19, 1
1465, 16, 19, 1
1466, 16, 19, 1
1466, 16, 19, 1
1467, 16, 19, 1
1467, 16, 19, 1
1468, 16, 19, 1
1468, 16, 19, 1
1469, 16, 19, 1
1469, 16, 19, 1
1470, 16, 19, 1
1470, 16, 19, 1
1471, 16, 19, 1
1471, 16, 19, 1
1472, 16, 19, 1
1472, 16, 19, 1
1473, 16, 19, 1
1473, 16, 19, 1
1474, 16, 19, 1
1474, 16, 19, 1
1475, 16, 19, 1
1475, 16, 19, 1
1476, 16, 19, 1
1476, 16, 19, 1
1477, 16, 19, 1
1477, 16, 19, 1
1478, 16, 19, 1
1478, 16, 19, 1
1479, 16, 19, 1
1479, 16, 19, 1
1480, 16, 19, 1
1480, 16, 19, 2
1481, 16, 19, 2
1481, 16, 19, 2
1482, 16, 19, 2
1482, 16, 19, 2
1483, 16, 19, 2
1483, 16, 19, 2
1484, 16, 19, 2
1484, 16, 19, 2
1485, 16, 19, 2
1485, 16, 19, 2
1486, 16, 19, 2
1486, 16, 19, 2
1487, 16, 19, 2
1487, 16, 19, 2
1488, 16, 19, 2
1488, 16, 19, 2
1489, 16, 19, 2
1489, 16, 19, 2
1490, 16, 19, 2
1490, 16, 19, 2
1491, 16, 19, 2
1491, 16, 19, 2
1492, 16, 19, 2
1492, 16, 19, 2
1493, 16, 19, 2
1493, 16, 19, 2
1494, 16, 19, 2
1494, 16, 19, 2
1495, 16, 19, 2
1495, 16, 19, 2
1496, 16, 19, 2
1496, 16, 19, 2
1497, 16, 19, 2
1497, 16, 19, 2
1498, 16, 19, 2
1498, 16, 19, 2
1499, 16, 19, 2
1499, 16, 19, 2
1500, 16, 19, 2
1500, 16, 19, 2
1501, 16, 19, 2
1501, 16, 19, 2
1502, 16, 19, 2
1502, 16, 19, 2
1503, 16, 19, 2
1503, 16, 19, 2
1504, 16, 19, 2
1504, 16, 19, 2
1505, 16, 19, 2
1505, 16, 19, 2
1506, 16, 19, 2
1506, 16, 19, 2
1507, 16, 19, 2
1507, 16, 19, 2
1508, 16, 19, 2
1508, 16, 19, 2
1509, 16, 19, 2
1509, 16, 19, 2
1510, 16, 19, 2
1510, 16, 19, 2
1511, 16, 19, 2
1511, 16, 19, 2
1512, 16, 19, 2
1512, 16, 19, 2
1513, 16, 19, 2
1513, 16, 19, 2
1514, 16, 19, 2
1514, 16, 19, 2
1515, 16, 19, 2
1515, 16, 19, 2
1516, 16, 19, 2
1516, 16, 19, 2
1517, 16, 19, 2
1517, 16, 19, 2
1518, 16, 19, 2
1518, 16, 19, 2
1519, 16, 19, 2
1519, 16, 19, 2
1520, 16, 19, 2
1520, 16, 19, 2
1521, 16, 19, 2
1521, 16, 19, 2
1522, 16, 19, 2
1522, 16, 19, 2
1523, 16, 19, 2
1523, 16, 19, 2
1524, 16, 19, 2
1524, 16, 19, 2
1525, 16, 19, 2
1525, 16, 19, 2
1526, 16, 19, 2
1526, 16, 19, 2
1527, 16, 19, 2
1527, 16, 19, 2
1528, 16, 19, 2
1528, 16, 19, 2
1529, 16, 19, 2
1529, 16, 19, 2
1530, 16, 19, 2
1530, 16, 19, 2
1531, 16, 19, 2
1531, 16, 19, 2
1532, 16, 19, 2
1532, 16, 19, 2
1533, 16, 19, 2
1533, 16, 19, 2
1534, 16, 19, 2
1534, 16, 19, 2
1535, 16, 19, 2
1535, 16, 19, 2
1536, 16, 19, 2
1536, 16, 19, 2
1537, 16, 19, 2
1537, 16, 19, 2
1538, 16, 19, 2
1538, 16, 19, 2
1539, 16, 19, 2
1539, 16, 19, 2
1540, 16, 19, 2
1540, 16, 19, 2
1541, 16, 19, 2
1541, 16, 19, 2
1542, 16, 19, 2
1542, 16, 19, 2
1543, 16, 19, 2
1543, 16, 19, 2
1544, 16, 19, 2
1544, 16, 19, 2
1545, 16, 19, 2
1545, 16, 19, 2
1546, 16, 19, 2
1546, 16, 19, 2
1547, 16, 19, 2
1547, 16, 19, 2
1548, 16, 19, 2
1548, 16, 19, 2
1549, 16, 19, 2
1549, 16, 19, 2
1550, 16, 19, 2
1550, 16, 19, 2
1551, 16, 19, 2
1551, 16, 19, 2
1552, 16, 19, 2
1552, 16, 19, 2
1553, 16, 19, 2
1553, 16, 19, 2
1554, 16, 19, 2
1554, 16, 19, 2
1555, 16, 19, 2
1555, 16, 19, 2
1556, 16, 19, 2
1556, 16, 19, 2
1557, 16, 19, 2
1557, 16, 19, 2
1558, 16, 19, 2
1558, 16, 19, 2
1559, 16, 19, 2
1559, 16, 19, 2
1560, 16, 19, 2
1560, 16, 19, 2
1561, 16, 19, 2
1561, 16, 19, 2
1562, 16, 19, 2
1562, 16, 19, 2
1563, 16, 19, 2
1563, 16, 19, 2
1564, 16, 19, 2
1564, 16, 19, 2
1565, 16, 19, 2
1565, 16, 19, 2
1566, 16, 19, 2
1566, 16, 19, 2
1567, 16, 19, 2
1567, 16, 19, 2
1568, 16, 19, 2
1568, 16, 19, 2
1569, 16, 19, 2
1569, 16, 19, 2
1570, 16, 19, 2
1570, 16, 19, 2
1571, 16, 19, 2
1571, 16, 19, 2
1572, 16, 19, 2
1572, 16, 19, 2
1573, 16, 19, 2
1573, 16, 19, 2
1574, 16, 19, 2
1574, 16, 19, 2
1575, 16, 19, 2
1575, 16, 19, 2
1576, 16, 19, 2
1576, 16, 19, 2
1577, 16, 19, 2
1577, 16, 19, 2
1578, 16, 19, 2
1578, 16, 19, 2
1579, 16, 19, 2
1579, 16, 19, 2
1580, 16, 19, 2
1580, 16, 19, 2
1581, 16, 19, 2
1581, 16, 19, 2
1582, 16, 19, 2
1582, 16, 19, 2
1583, 16, 19, 2
1583, 16, 19, 2
1584, 16, 19, 2
1584, 16, 19, 2
1585, 16, 19, 2
1585, 16, 19, 2
1586, 16, 19, 2
1586, 16, 19, 2
1587, 16, 19, 2
1587, 16, 19, 2
1588, 16, 19, 2
1588, 16, 19, 2
1589, 16, 19, 2
1589, 16, 19, 2
1590, 16, 19, 2
1590, 16, 19, 2
1591, 16, 19, 2
1591, 16, 19, 2
1592, 16, 19, 2
1592, 16, 19, 2
1593, 16, 19, 2
1593, 16, 19, 2
1594, 16, 19, 2
1594, 16, 19, 2
1595, 16, 19, 2
1595, 16, 19, 2
1596, 16, 19, 2
1596, 16, 19, 2
1597, 16, 19, 2
1597, 16, 19, 2
1598, 16, 19, 2
1598, 16, 19, 2
1599, 16, 19, 2
1599, 16, 19, 2
1600, 16, 19, 2
1600, 16, 19, 2
1601, 16, 19, 2
1601, 16, 19, 2
1602, 16, 19, 2
1602, 16, 19, 2
1603, 16, 19, 2
1603, 16, 19, 2
1604, 16, 19, 2
1604, 16, 19, 2
1605, 16, 19, 2
1605, 16, 19, 2
1606, 16, 19, 2
1606, 16, 19, 2
1607, 16, 19, 2
1607, 16, 19, 2
1608, 16, 19, 2
1608, 16, 19, 2
1609, 16, 19, 2
1609, 16, 19, 2
1610, 16, 19, 2
1610, 16, 19, 2
1611, 16, 19, 2
1611, 16, 19, 2
1612, 16, 19, 2
1612, 16, 19, 2
1613, 16, 19, 2
1613, 16, 19, 2
1614, 16, 19, 2
1614, 16, 19, 2
1615, 16, 19, 2
1615, 16, 19, 2
1616, 16, 19, 2
1616, 16, 19, 2
1617, 16, 19, 2
1617, 16, 19, 2
1618, 16, 19, 2
1618, 16, 19, 2
1619, 16, 19, 2
1619, 16, 19, 2
1620, 16, 19, 2
1620, 16, 19, 2
1621, 16, 19, 2
1621, 16, 19, 2
1622, 16, 19, 2
1622, 16, 19, 2
1623, 16, 19, 2
1623, 16, 19, 2
1624, 16, 19, 2
1624, 16, 19, 2
1625, 16, 19, 2
1625, 16, 19, 2
1626, 16, 19, 2
1626, 16, 19, 2
1627, 16, 19, 2
1627, 16, 19, 2
1628, 16, 19, 2
1628, 16, 19, 2
1629, 16, 19, 2
1629, 16, 19, 2
1630, 16, 19, 2
1630, 16, 19, 2
1631, 16, 19, 2
1631, 16, 19, 2
1632, 16, 19, 2
1632, 16, 19, 2
1633, 16, 19, 2
1633, 16, 19, 2
1634, 16, 19, 2
1634, 16, 19, 2
1635, 16, 19, 2
1635, 16, 19, 2
1636, 16, 19, 2
1636, 16, 19, 2
1637, 16, 19, 2
1637, 16, 19, 2
1638, 16, 19, 2
1638, 16, 19, 2
1639, 16, 19, 2
1639, 16, 19, 2
1640, 16, 19, 2
1640, 16, 19, 2
1641, 16, 19, 2
1641, 16, 19, 2
1642, 16, 19, 2
1642, 16, 19, 2
1643, 16, 19, 2
1643, 16, 19, 2
1644, 16, 19, 2
1644, 16, 19, 2
1645, 16, 19, 2
1645, 16, 19, 2
1646, 16, 19, 2
1646, 16, 19, 2
1647, 16, 19, 2
1647, 16, 19, 2
1648, 16, 19, 2
1648, 16, 19, 2
1649, 16, 19, 2
1649, 16, 19, 2
1650, 16, 19, 2
1650, 16, 19, 2
1651, 16, 19, 2
1651, 16, 19, 2
1652, 16, 19, 2
1652, 16, 19, 2
1653, 16, 19, 2
1653, 16, 19, 2
1654, 16, 19, 2
1654, 16, 19, 2
1655, 16, 19, 2
1655, 16, 19, 2
1656, 16, 19, 2
1656, 16, 19, 2
1657, 16, 19, 2
1657, 16, 19, 2
1658, 16, 19, 2
1658, 16, 19, 2
1659, 16, 19, 2
1659, 16, 19, 2
1660, 16, 19, 2
1660, 16, 19, 2
1661, 16, 19, 2
1661, 16, 19, 2
1662, 16, 19, 2
1662, 16, 19, 2
1663, 16, 19, 2
1663, 16, 19, 2
1664, 16, 19, 2
1664, 16, 19, 2
1665, 16, 19, 2
1665, 16, 19, 2
1666, 16, 19, 2
1666, 16, 19, 2
1667, 16, 19, 2
1667, 16, 19, 2
1668, 16, 19, 2
1668, 16, 19, 2
1669, 16, 19, 2
1669, 16, 19, 2
1670, 16, 19, 2
1670, 16, 19, 2
1671, 16, 19, 2
1671, 16, 19, 2
1672, 16, 19, 2
1672, 16, 19, 2
1673, 16, 19, 2
1673, 16, 19, 2
1674, 16, 19, 2
1674, 16, 19, 2
1675, 16, 19, 2
1675, 16, 19, 2
1676, 16, 19, 2
1676, 16, 19, 2
1677, 16, 19, 2
1677, 16, 19, 2
1678, 16, 19, 2
1678, 16, 19, 2
1679, 16, 19, 2
1679, 16, 19, 2
1680, 16, 19, 2
1680, 16, 19, 2
1681, 16, 19, 2
1681, 16, 19, 2
1682, 16, 19, 2
1682, 16, 19, 2
1683, 16, 19, 2
1683, 16, 19, 2
1684, 16, 19, 2
1684, 16, 19, 2
1685, 16, 19, 2
1685, 16, 19, 2
1686, 16, 19, 2
1686, 16, 19, 2
1687, 16, 19, 2
1687, 16, 19, 2
1688, 16, 19, 2
1688, 16, 19, 2
1689, 16, 19, 2
1689, 16, 19, 2
1690, 16, 19, 2
1690, 16, 19, 2
1691, 16, 19, 2
1691, 16, 19, 2
1692, 16, 19, 2
1692, 16, 19, 2
1693, 16, 19, 2
1693, 16, 19, 2
1694, 16, 19, 2
1694, 16, 19, 2
1695, 16, 19, 2
1695, 16, 19, 2
1696, 16, 19, 2
1696, 16, 19, 2
1697, 16, 19, 2
1697, 16, 19, 2
1698, 16, 19, 2
1698, 16, 19, 2
1699, 16, 19, 2
1699, 16, 19, 2
1700, 16, 19, 2
1700, 16, 19, 2
1701, 16, 19, 2
1701, 16, 19, 2
1702, 16, 19, 2
1702, 16, 19, 2
1703, 16, 19, 2
1703, 16, 19, 2
1704, 16, 19, 2
1704, 16, 19, 2
1705, 16, 19, 2
1705, 16, 19, 2
1706, 16, 19, 2
1706, 16, 19, 2
1707, 16, 19, 2
1707, 16, 19, 2
1708, 16, 19, 2
1708, 16, 19, 2
1709, 16, 19, 2
1709, 16, 19, 2
1710, 16, 19, 2
1710, 16, 19, 2
1711, 16, 19, 2
1711, 16, 19, 2
1712, 16, 19, 2
1712, 16, 19, 2
1713, 16, 19, 2
1713, 16, 19, 2
1714, 16, 19, 2
1714, 16, 19, 2
1715, 16, 19, 2
1715, 16, 19, 2
1716, 16, 19, 2
1716, 16, 19, 2
1717, 16, 19, 2
1717, 16, 19, 2
1718, 16, 19, 2
1718, 16, 19, 2
1719, 16, 19, 2
1719, 16, 19, 2
1720, 16, 19, 2
1720, 16, 19, 2
1721, 16, 19, 2
1721, 16, 19, 2
1722, 16, 19, 2
1722, 16, 19, 2
1723, 16, 19, 2
1723, 16, 19, 2
1724, 16, 19, 2
1724, 16, 19, 2
1725, 16, 19, 2
1725, 16, 19, 2
1726, 16, 19, 2
1726, 16, 19, 2
1727, 16, 19, 2
1727, 16, 19, 2
1728, 16, 19, 2
1728, 16, 19, 2
1729, 16, 19, 2
1729, 16, 19, 2
1730, 16, 19, 2
1730, 16, 19, 2
1731, 16, 19, 2
1731, 16, 19, 2
1732, 16, 19, 2
1732, 16, 19, 2
1733, 16, 19, 2
1733, 16, 19, 2
1734, 16, 19, 2
1734, 16, 19, 2
1735, 16, 19, 2
1735, 16, 19, 2
1736, 16, 19, 2
1736, 16, 19, 2
1737, 16, 19, 2
1737, 16, 19, 2
1738, 16, 19, 2
1738, 16, 19, 2
1739, 16, 19, 2
1739, 16, 19, 2
1740, 16, 19, 2
1740, 16, 19, 2
1741, 16, 19, 2
1741, 16, 19, 2
1742, 16, 19, 2
1742, 16, 19, 2
1743, 16, 19, 2
1743, 16, 19, 2
1744, 16, 19, 2
1744, 16, 19, 2
1745, 16, 19, 2
1745, 16, 19, 2
1746, 16, 19, 2
1746, 16, 19, 2
1747, 16, 19, 2
1747, 16, 19, 2
1748, 16, 19, 2
1748, 16, 19, 2
1749, 16, 19, 2
1749, 16, 19, 2
1750, 16, 19, 2
1750, 16, 19, 2
1751, 16, 19, 2
1751, 16, 19, 2
1752, 16, 19, 2
1752, 16, 19, 2
1753, 16, 19, 2
1753, 16, 19, 2
1754, 16, 19, 2
1754, 16, 19, 2
1755, 16, 19, 2
1755, 16, 19, 2
1756, 16, 19, 2
1756, 16, 19, 2
1757, 16, 19, 2
1757, 16, 19, 2
1758, 16, 19, 2
1758, 16, 19, 2
1759, 16, 19, 2
1759, 16, 19, 2
1760, 16, 19, 2
1760, 16, 19, 2
1761, 16, 19, 2
1761, 16, 19, 2
1762, 16, 19, 2
1762, 16, 19, 2
1763, 16, 19, 2
1763, 16, 19, 2
1764, 16, 19, 2
1764, 16, 19, 2
1765, 16, 19, 2
1765, 16, 19, 2
1766, 16, 19, 2
1766, 16, 19, 2
1767, 16, 19, 2
1767, 16, 19, 2
1768, 16, 19, 2
1768, 16, 19, 2
1769, 16, 19, 2
1769, 16, 19, 2
1770, 16, 19, 2
1770, 16, 19, 2
1771, 16, 19, 2
1771, 16, 19, 2
1772, 16, 19, 2
1772, 16, 19, 2
1773, 16, 19, 2
1773, 16, 19, 2
1774, 16, 19, 2
1774, 16, 19, 2
1775, 16, 19, 2
1775, 16, 19, 2
1776, 16, 19, 2
1776, 16, 19, 2
1777, 16, 19, 2
1777, 16, 19, 2
1778, 16, 19, 2
1778, 16, 19, 2
1779, 16, 19, 2
1779, 16, 19, 2
1780, 16, 19, 2
1780, 16, 19, 2
1781, 16, 19, 2
1781, 16, 19, 2
1782, 16, 19, 2
1782, 16, 19, 2
1783, 16, 19, 2
1783, 16, 19, 2
1784, 16, 19, 2
1784, 16, 19, 2
1785, 16, 19, 2
1785, 16, 19, 2
1786, 16, 19, 2
1786, 16, 19, 2
1787, 16, 19, 2
1787, 16, 19, 2
1788, 16, 19, 2
1788, 16, 19, 2
1789, 16, 19, 2
1789, 16, 19, 2
1790, 16, 19, 2
1790, 16, 19, 2
1791, 16, 19, 2
1791, 16, 19, 2
1792, 16, 19, 2
1792, 16, 19, 2
1793, 16, 19, 2
1793, 16, 19, 2
1794, 16, 19, 2
1794, 16, 19, 2
1795, 16, 19, 2
1795, 16, 19, 2
1796, 16, 19, 2
1796, 16, 19, 2
1797, 16, 19, 2
1797, 16, 19, 2
1798, 16, 19, 2
1798, 16, 19, 2
1799, 16, 19, 2
1799, 16, 19, 2
1800, 16, 19, 2
1800, 16, 19, 2
1801, 16, 19, 2
1801, 16, 19, 2
1802, 16, 19, 2
1802, 16, 19, 2
1803, 16, 19, 2
1803, 16, 19, 2
1804, 16, 19, 2
1804, 16, 19, 2
1805, 16, 19, 2
1805, 16, 19, 2
1806, 16, 19, 2
1806, 16, 19, 2
1807, 16, 19, 2
1807, 16, 19, 2
1808, 16, 19, 2
1808, 16, 19, 2
1809, 16, 19, 2
1809, 16, 19, 2
1810, 16, 19, 2
1810, 16, 19, 2
1811, 16, 19, 2
1811, 16, 19, 2
1812, 16, 19, 2
1812, 16, 19, 2
1813, 16, 19, 2
1813, 16, 19, 2
1814, 16, 19, 2
1814, 16, 19, 2
1815, 16, 19, 2
1815, 16, 19, 2
1816, 16, 19, 2
1816, 16, 19, 2
1817, 16, 19, 2
1817, 16, 19, 2
1818, 16, 19, 2
1818, 16, 19, 2
1819, 16, 19, 2
1819, 16, 19, 2
1820, 16, 19, 2
1820, 16, 19, 2
1821, 16, 19, 2
1821, 16, 19, 2
1822, 16, 19, 2
1822, 16, 19, 2
1823, 16, 19, 2
1823, 16, 19, 2
1824, 16, 19, 2
1824, 16, 19, 2
1825, 16, 19, 2
1825, 16, 19, 2
1826, 16, 19, 2
1826, 16, 19, 2
1827, 16, 19, 2
1827, 16, 19, 2
1828, 16, 19, 2
1828, 16, 19, 2
1829, 16, 19, 2
1829, 16, 19, 2
1830, 16, 19, 2
1830, 16, 19, 2
1831, 16, 19, 2
1831, 16, 19, 2
1832, 16, 19, 2
1832, 16, 19, 2
1833, 16, 19, 2
1833, 16, 19, 2
1834, 16, 19, 2
1834, 16, 19, 2
1835, 16, 19, 2
1835, 16, 19, 2
1836, 16, 19, 2
1836, 16, 19, 2
1837, 16, 19, 2
1837, 16, 19, 2
1838, 16, 19, 2
1838, 16, 19, 2
1839, 16, 19, 2
1839, 16, 19, 2
1840, 16, 19, 2
1840, 16, 19, 2
1841, 16, 19, 2
1841, 16, 19, 2
1842, 16, 19, 2
1842, 16, 19, 2
1843, 16, 19, 2
1843, 16, 19, 2
1844, 16, 19, 2
1844, 16, 19, 2
1845, 16, 19, 2
1845, 16, 19, 2
1846, 16, 19, 2
1846, 16, 19, 2
1847, 16, 19, 2
1847, 16, 19, 2
1848, 16, 19, 2
1848, 16, 19, 2
1849, 16, 19, 2
1849, 16, 19, 2
1850, 16, 19, 2
1850, 16, 19, 2
1851, 16, 19, 2
1851, 16, 19, 2
1852, 16, 19, 2
1852, 16, 19, 2
1853, 16, 19, 2
1853, 16, 19, 2
1854, 16, 19, 2
1854, 16, 19, 2
1855, 16, 19, 2
1855, 16, 19, 2
1856, 16, 19, 2
1856, 16, 19, 2
1857, 16, 19, 2
1857, 16, 19, 2
1858, 16, 19, 2
1858, 16, 19, 2
1859, 16, 19, 2
1859, 16, 19, 2
1860, 16, 19, 2
1860, 16, 19, 2
1861, 16, 19, 2
1861, 16, 19, 2
1862, 16, 19, 2
1862, 16, 19, 2
1863, 16, 19, 2
1863, 16, 19, 2
1864, 16, 19, 2
1864, 16, 19, 2
1865, 16, 19, 2
1865, 16, 19, 2
1866, 16, 19, 2
1866, 16, 19, 2
1867, 16, 19, 2
1867, 16, 19, 2
1868, 16, 19, 2
1868, 16, 19, 2
1869, 16, 19, 2
1869, 16, 19, 2
1870, 16, 19, 2
1870, 16, 19, 2
1871, 16, 19, 2
1871, 16, 19, 2
1872, 16, 19, 2
1872, 16, 19, 2
1873, 16, 19, 2
1873, 16, 19, 2
1874, 16, 19, 2
1874, 16, 19, 2
1875, 16, 19, 2
1875, 16, 19, 2
1876, 16, 19, 2
1876, 16, 19, 2
1877, 16, 19, 2
1877, 16, 19, 2
1878, 16, 19, 2
1878, 16, 19, 2
1879, 16, 19, 2
1879, 16, 19, 2
1880, 16, 19, 2
1880, 16, 19, 2
1881, 16, 19, 2
1881, 16, 19, 2
1882, 16, 19, 2
1882, 16, 19, 2
1883, 16, 19, 2
1883, 16, 19, 2
1884, 16, 19, 2
1884, 16, 19, 2
1885, 16, 19, 2
1885, 16, 19, 2
1886, 16, 19, 2
1886, 16, 19, 2
1887, 16, 19, 2
1887, 16, 19, 2
1888, 16, 19, 2
1888, 16, 19, 2
1889, 16, 19, 2
1889, 16, 19, 2
1890, 16, 19, 2
1890, 16, 19, 2
1891, 16, 19, 2
1891, 16, 19, 2
1892, 16, 19, 2
1892, 16, 19, 2
1893, 16, 19, 2
1893, 16, 19, 2
1894, 16, 19, 2
1894, 16, 19, 2
1895, 16, 19, 2
1895, 16, 19, 2
1896, 16, 19, 2
1896, 16, 19, 2
1897, 16, 19, 2
1897, 16, 19, 2
1898, 16, 19, 2
1898, 16, 19, 2
1899, 16, 19, 2
1899, 16, 19, 2
1900, 16, 19, 2
1900, 16, 19, 2
1901, 16, 19, 2
1901, 16, 19, 2
1902, 16, 19, 2
1902, 16, 19, 2
1903, 16, 19, 2
1903, 16, 19, 2
1904, 16, 19, 2
1904, 16, 19, 2
1905, 16, 19, 2
1905, 16, 19, 2
1906, 16, 19, 2
1906, 16, 19, 2
1907, 16, 19, 2
1907, 16, 19, 2
1908, 16, 19, 2
1908, 16, 19, 2
1909, 16, 19, 2
1909, 16, 19, 2
1910, 16, 19, 2
1910, 16, 19, 2
1911, 16, 19, 2
1911, 16, 19, 2
1912, 16, 19, 2
1912, 16, 19, 2
1913, 16, 19, 2
1913, 16, 19, 2
1914, 16, 19, 2
1914, 16, 19, 2
1915, 16, 19, 2
1915, 16, 19, 2
1916, 16, 19, 2
1916, 16, 19, 2
1917, 16, 19, 2
1917, 16, 19, 2
1918, 16, 19, 2
1918, 16, 19, 2
1919, 16, 19, 2
1919, 16, 19, 2
1920, 16, 19, 2
1920, 16, 19, 2
1921, 16, 19, 2
1921, 16, 19, 2
1922, 16, 19, 2
1922, 16, 19, 2
1923, 16, 19, 2
1923, 16, 19, 2
1924, 16, 19, 2
1924, 16, 19, 2
1925, 16, 19, 2
1925, 16, 19, 2
1926, 16, 19, 2
1926, 16, 19, 2
1927, 16, 19, 2
1927, 16, 19, 2
1928, 16, 19, 2
1928, 16, 19, 2
1929, 16, 19, 2
1929, 16, 19, 2
1930, 16, 19, 2
1930, 16, 19, 2
1931, 16, 19, 2
1931, 16, 19, 2
1932, 16, 19, 2
1932, 16, 19, 2
1933, 16, 19, 2
1933, 16, 19, 2
1934, 16, 19, 2
1934, 16, 19, 2
1935, 16, 19, 2
1935, 16, 19, 2
1936, 16, 19, 2
1936, 16, 19, 2
1937, 16, 19, 2
1937, 16, 19, 2
1938, 16, 19, 2
1938, 16, 19, 2
1939, 16, 19, 2
1939, 16, 19, 2
1940, 16, 19, 2
1940, 16, 19, 2
1941, 16, 19, 2
1941, 16, 19, 2
1942, 16, 19, 2
1942, 16, 19, 2
1943, 16, 19, 2
1943, 16, 19, 2
1944, 16, 19, 2
1944, 16, 19, 2
1945, 16, 19, 2
1945, 16, 19, 2
1946, 16, 19, 2
1946, 16, 19, 2
1947, 16, 19, 2
1947, 16, 19, 2
1948, 16, 19, 2
1948, 16, 19, 2
1949, 16, 19, 2
1949, 16, 19, 2
1950, 16, 19, 2
1950, 16, 19, 2
1951, 16, 19, 2
1951, 16, 19, 2
1952, 16, 19, 2
1952, 16, 19, 2
1953, 16, 19, 2
1953, 16, 19, 2
1954, 16, 19, 2
1954, 16, 19, 2
1955, 16, 19, 2
1955, 16, 19, 2
1956, 16, 19, 2
1956, 16, 19, 2
1957, 16, 19, 2
1957, 16, 19, 2
1958, 16, 19, 2
1958, 16, 19, 2
1959, 16, 19, 2
1959, 16, 19, 2
1960, 16, 19, 2
1960, 16, 19, 2
1961, 16, 19, 2
1961, 16, 19, 2
1962, 16, 19, 2
1962, 16, 19, 2
1963, 16, 19, 2
1963, 16, 19, 2
1964, 16, 19, 2
1964, 16, 19, 2
1965, 16, 19, 2
1965, 16, 19, 2
1966, 16, 19, 2
1966, 16, 19, 2
1967, 16, 19, 2
1967, 16, 19, 2
1968, 16, 19, 2
1968, 16, 19, 2
1969, 16, 19, 2
1969, 16, 19, 2
1970, 16, 19, 2
1970, 16, 19, 2
1971, 16, 19, 2
1971, 16, 19, 2
1972, 16, 19, 2
1972, 16, 19, 2
1973, 16, 19, 2
1973, 16, 19, 2
1974, 16, 19, 2
1974, 16, 19, 2
1975, 16, 19, 2
1975, 16, 19, 2
1976, 16, 19, 2
1976, 16, 19, 2
1977, 16, 19, 2
1977, 16, 19, 2
1978, 16, 19, 2
1978, 16, 19, 2
1979, 16, 19, 2
1979, 16, 19, 2
1980, 16, 19, 2
1980, 16, 19, 2
1981, 16, 19, 2
1981, 16, 19, 2
1982, 16, 19, 2
1982, 16, 19, 2
1983, 16, 19, 2
1983, 16, 19, 2
1984, 16, 19, 2
1984, 16, 19, 2
1985, 16, 19, 2
1985, 16, 19, 2
1986, 16, 19, 2
1986, 16, 19, 2
1987, 16, 19, 2
1987, 16, 19, 2
1988, 16, 19, 2
1988, 16, 19, 2
1989, 16, 19, 2
1989, 16, 19, 2
1990, 16, 19, 2
1990, 16, 19, 2
1991, 16, 19, 2
1991, 16, 19, 2
1992, 16, 19, 2
1992, 16, 19, 2
1993, 16, 19, 2
1993, 16, 19, 2
1994, 16, 19, 2
1994, 16, 19, 2
1995, 16, 19, 2
1995, 16, 19, 2
1996, 16, 19, 2
1996, 16, 19, 2
1997, 16, 19, 2
1997, 16, 19, 2
1998, 16, 19, 2
1998, 16, 19, 2
1999, 16, 19, 2
1999, 16, 19, 2
2000, 16, 19, 2
2000, 16, 19, 2
2001, 16, 19, 2
2001, 16, 19, 2
2002, 16, 19, 2
2002, 16, 19, 2
2003, 16, 19, 2
2003, 16, 19, 2
2004, 16, 19, 2
2004, 16, 19, 2
2005, 16, 19, 2
2005, 16, 19, 2
2006, 16, 19, 2
2006, 16, 19, 2
2007, 16, 19, 2
2007, 16, 19, 2
2008, 16, 19, 2
2008, 16, 19, 2
2009, 16, 19, 2
2009, 16, 19, 2
2010, 16, 19, 2
2010, 16, 19, 2
2011, 16, 19, 2
2011, 16, 19, 2
2012, 16, 19, 2
2012, 16, 19, 2
2013, 16, 19, 2
2013, 16, 19, 2
2014, 16, 19, 2
2014, 16, 19, 2
2015, 16, 19, 2
2015, 16, 19, 2
2016, 16, 19, 2
2016, 16, 19, 2
2017, 16, 19, 2
2017, 16, 19, 2
2018, 16, 19, 2
2018, 16, 19, 2
2019, 16, 19, 2
2019, 16, 19, 2
2020, 16, 19, 2
2020, 16, 19, 2
2021, 16, 19, 2
2021, 16, 19, 2
2022, 16, 19, 2
2022, 16, 19, 2
2023, 16, 19, 2
2023, 16, 19, 2
2024, 16, 19, 2
2024, 16, 19, 2
2025, 16, 19, 2
2025, 16, 19, 2
2026, 16, 19, 2
2026, 16, 19, 2
2027, 16, 19, 2
2027, 16, 19, 2
2028, 16, 19, 2
2028, 16, 19, 2
2029, 16, 19, 2
2029, 16, 19, 2
2030, 16, 19, 2
2030, 16, 19, 2
2031, 16, 19, 2
2031, 16, 19, 2
2032, 16, 19, 2
2032, 16, 19, 2
2033, 16, 19, 2
2033, 16, 19, 2
2034, 16, 19, 2
2034, 16, 19, 2
2035, 16, 19, 2
2035, 16, 19, 2
2036, 16, 19, 2
2036, 16, 19, 2
2037, 16, 19, 2
2037, 16, 19, 2
2038, 16, 19, 2
2038, 16, 19, 2
2039, 16, 19, 2
2039, 16, 19, 2
2040, 16, 19, 2
2040, 16, 19, 2
2041, 16, 19, 2
2041, 16, 19, 2
2042, 16, 19, 2
2042, 16, 19, 2
2043, 16, 19, 2
2043, 16, 19, 2
2044, 16, 19, 2
2044, 16, 19, 2
2045, 16, 19, 2
2045, 16, 19, 2
2046, 16, 19, 2
2046, 16, 19, 2
2047, 16, 19, 2
2047, 16, 19, 2
2048, 16, 19, 2
2048, 16, 19, 2
2049, 16, 19, 2
2049, 16, 19, 2
2050, 16, 19, 2
2050, 16, 19, 2
2051, 16, 19, 2
2051, 16, 19, 2
2052, 16, 19, 2
2052, 16, 19, 2
2053, 16, 19, 2
2053, 16, 19, 2
2054, 16, 19, 2
2054, 16, 19, 2
2055, 16, 19, 2
2055, 16, 19, 2
2056, 16, 19, 2
2056, 16, 19, 2
2057, 16, 19, 2
2057, 16, 19, 2
2058, 16, 19, 2
2058, 16, 19, 2
2059, 16, 19, 2
2059, 16, 19, 2
2060, 16, 19, 2
2060, 16, 19, 2
2061, 16, 19, 2
2061, 16, 19, 2
2062, 16, 19, 2
2062, 16, 19, 2
2063, 16, 19, 2
2063, 16, 19, 2
2064, 16, 19, 2
2064, 16, 19, 2
2065, 16, 19, 2
2065, 16, 19, 2
2066, 16, 19, 2
2066, 16, 19, 2
2067, 16, 19, 2
2067, 16, 19, 2
2068, 16, 19, 2
2068, 16, 19, 2
2069, 16, 19, 2
2069, 16, 19, 2
2070, 16, 19, 2
2070, 16, 19, 2
2071, 16, 19, 2
2071, 16, 19, 2
2072, 16, 19, 2
2072, 16, 19, 2
2073, 16, 19, 2
2073, 16, 19, 2
2074, 16, 19, 2
2074, 16, 19, 2
2075, 16, 19, 2
2075, 16, 19, 2
2076, 16, 19, 2
2076, 16, 19, 2
2077, 16, 19, 2
2077, 16, 19, 2
2078, 16, 19, 2
2078, 16, 19, 2
2079, 16, 19, 2
2079, 16, 19, 2
2080, 16, 19, 2
2080, 16, 19, 2
2081, 16, 19, 2
2081, 16, 19, 2
2082, 16, 19, 2
2082, 16, 19, 2
2083, 16, 19, 2
2083, 16, 19, 2
2084, 16, 19, 2
2084, 16, 19, 2
2085, 16, 19, 2
2085, 16, 19, 2
2086, 16, 19, 2
2086, 16, 19, 2
2087, 16, 19, 2
2087, 16, 19, 2
2088, 16, 19, 2
2088, 16, 19, 2
2089, 16, 19, 2
2089, 16, 19, 2
2090, 16, 19, 2
2090, 16, 19, 2
2091, 16, 19, 2
2091, 16, 19, 2
2092, 16, 19, 2
2092, 16, 19, 2
2093, 16, 19, 2
2093, 16, 19, 2
2094, 16, 19, 2
2094, 16, 19, 2
2095, 16, 19, 2
2095, 16, 19, 2
2096, 16, 19, 2
2096, 16, 19, 2
2097, 16, 19, 2
2097, 16, 19, 2
2098, 16, 19, 2
2098, 16, 19, 2
2099, 16, 19, 2
2099, 16, 19, 2
2100, 16, 19, 2
2100, 16, 19, 2
2101, 16, 19, 2
2101, 16, 19, 2
2102, 16, 19, 2
2102, 16, 19, 2
2103, 16, 19, 2
2103, 16, 19, 2
2104, 16, 19, 2
2104, 16, 19, 2
2105, 16, 19, 2
2105, 16, 19, 2
2106, 16, 19, 2
2106, 16, 19, 2
2107, 16, 19, 2
2107, 16, 19, 2
2108, 16, 19, 2
2108, 16, 19, 2
2109, 16, 19, 2
2109, 16, 19, 2
2110, 16, 19, 2
2110, 16, 19, 2
2111, 16, 19, 2
2111, 16, 19, 2
2112, 16, 19, 2
2112, 16, 19, 2
2113, 16, 19, 2
2113, 16, 19, 2
2114, 16, 19, 2
2114, 16, 19, 2
2115, 16, 19, 2
2115, 16, 19, 2
2116, 16, 19, 2
2116, 16, 19, 2
2117, 16, 19, 2
2117, 16, 19, 2
2118, 16, 19, 2
2118, 16, 19, 2
2119, 16, 19, 2
2119, 16, 19, 2
2120, 16, 19, 2
2120, 16, 19, 2
2121, 16, 19, 2
2121, 16, 19, 2
2122, 16, 19, 2
2122, 16, 19, 2
2123, 16, 19, 2
2123, 16, 19, 2
2124, 16, 19, 2
2124, 16, 19, 2
2125, 16, 19, 2
2125, 16, 19, 2
2126, 16, 19, 2
2126, 16, 19, 2
2127, 16, 19, 2
2127, 16, 19, 2
2128, 16, 19, 2
2128, 16, 19, 2
2129, 16, 19, 2
2129, 16, 19, 2
2130, 16, 19, 2
2130, 16, 19, 2
2131, 16, 19, 2
2131, 16, 19, 2
2132, 16, 19, 2
2132, 16, 19, 2
2133, 16, 19, 2
2133, 16, 19, 2
2134, 16, 19, 2
2134, 16, 19, 2
2135, 16, 19, 2
2135, 16, 19, 2
2136, 16, 19, 2
2136, 16, 19, 2
2137, 16, 19, 2
2137, 16, 19, 2
2138, 16, 19, 2
2138, 16, 19, 2
2139, 16, 19, 2
2139, 16, 19, 2
2140, 16, 19, 2
2140, 16, 19, 2
2141, 16, 19, 2
2141, 16, 19, 2
2142, 16, 19, 2
2142, 16, 19, 2
2143, 16, 19, 2
2143, 16, 19, 2
2144, 16, 19, 2
2144, 16, 19, 2
2145, 16, 19, 2
2145, 16, 19, 2
2146, 16, 19, 2
2146, 16, 19, 2
2147, 16, 19, 2
2147, 16, 19, 2
2148, 16, 19, 2
2148, 16, 19, 2
2149, 16, 19, 2
2149, 16, 19, 2
2150, 16, 19, 2
2150, 16, 19, 2
2151, 16, 19, 2
2151, 16, 19, 2
2152, 16, 19, 2
2152, 16, 19, 2
2153, 16, 19, 2
2153, 16, 19, 2
2154, 16, 19, 2
2154, 16, 19, 2
2155, 16, 19, 2
2155, 16, 19, 2
2156, 16, 19, 2
2156, 16, 19, 2
2157, 16, 19, 2
2157, 16, 19, 2
2158, 16, 19, 2
2158, 16, 19, 2
2159, 16, 19, 2
2159, 16, 19, 2
2160, 16, 19, 2
2160, 16, 19, 2
2161, 16, 19, 2
2161, 16, 19, 2
2162, 16, 19, 2
2162, 16, 19, 2
2163, 16, 19, 2
2163, 16, 19, 2
2164, 16, 19, 2
2164, 16, 19, 2
2165, 16, 19, 2
2165, 16, 19, 2
2166, 16, 19, 2
2166, 16, 19, 2
2167, 16, 19, 2
2167, 16, 19, 2
2168, 16, 19, 2
2168, 16, 19, 2
2169, 16, 19, 2
2169, 16, 19, 2
2170, 16, 19, 2
2170, 16, 19, 2
2171, 16, 19, 2
2171, 16, 19, 2
2172, 16, 19, 2
2172, 16, 19, 2
2173, 16, 19, 2
2173, 16, 19, 2
2174, 16, 19, 2
2174, 16, 19, 2
2175, 16, 19, 2
2175, 16, 19, 2
2176, 16, 19, 2
2176, 16, 19, 2
2177, 16, 19, 2
2177, 16, 19, 2
2178, 16, 19, 2
2178, 16, 19, 2
2179, 16, 19, 2
2179, 16, 19, 2
2180, 16, 19, 2
2180, 16, 19, 2
2181, 16, 19, 2
2181, 16, 19, 2
2182, 16, 19, 2
2182, 16, 19, 2
2183, 16, 19, 2
2183, 16, 19, 2
2184, 16, 19, 2
2184, 16, 19, 2
2185, 16, 19, 2
2185, 16, 19, 2
2186, 16, 19, 2
2186, 16, 19, 2
2187, 16, 19, 2
2187, 16, 19, 2
2188, 16, 19, 2
2188, 16, 19, 2
2189, 16, 19, 2
2189, 16, 19, 2
2190, 16, 19, 2
2190, 16, 19, 2
2191, 16, 19, 2
2191, 16, 19, 2
2192, 16, 19, 2
2192, 16, 19, 2
2193, 16, 19, 2
2193, 16, 19, 2
2194, 16, 19, 2
2194, 16, 19, 2
2195, 16, 19, 2
2195, 16, 19, 2
2196, 16, 19, 2
2196, 16, 19, 2
2197, 16, 19, 2
2197, 16, 19, 2
2198, 16, 19, 2
2198, 16, 19, 2
2199, 16, 19, 2
2199, 16, 19, 2
2200, 16, 19, 2
2200, 16, 19, 2
2201, 16, 19, 2
2201, 16, 19, 2
2202, 16, 19, 2
2202, 16, 19, 2
2203, 16, 19, 2
2203, 16, 19, 2
2204, 16, 19, 2
2204, 16, 19, 2
2205, 16, 19, 2
2205, 16, 19, 2
2206, 16, 19, 2
2206, 16, 19, 2
2207, 16, 19, 2
2207, 16, 19, 2
2208, 16, 19, 2
2208, 16, 19, 2
2209, 16, 19, 2
2209, 16, 19, 2
2210, 16, 19, 2
2210, 16, 19, 2
2211, 16, 19, 2
2211, 16, 19, 2
2212, 16, 19, 2
2212, 16, 19, 2
2213, 16, 19, 2
2213, 16, 19, 2
2214, 16, 19, 2
2214, 16, 19, 2
2215, 16, 19, 2
2215, 16, 19, 2
2216, 16, 19, 2
2216, 16, 19, 2
2217, 16, 19, 2
2217, 16, 19, 2
2218, 16, 19, 2
2218, 16, 19, 2
2219, 16, 19, 2
2219, 16, 19, 2
2220, 16, 19, 2
2220, 16, 19, 2
2221, 16, 19, 2
2221, 16, 19, 2
2222, 16, 19, 2
2222, 16, 19, 2
2223, 16, 19, 2
2223, 16, 19, 2
2224, 16, 19, 2
2224, 16, 19, 2
2225, 16, 19, 2
2225, 16, 19, 2
2226, 16, 19, 2
2226, 16, 19, 2
2227, 16, 19, 2
2227, 16, 19, 2
2228, 16, 19, 2
2228, 16, 19, 2
2229, 16, 19, 3
2229, 16, 19, 3
2230, 16, 19, 3
2230, 16, 19, 3
2231, 16, 19, 3
2231, 16, 19, 3
2232, 16, 19, 3
2232, 16, 19, 3
2233, 16, 19, 3
2233, 16, 19, 3
2234, 16, 19, 3
2234, 16, 19, 3
2235, 16, 19, 3
2235, 16, 19, 3
2236, 16, 19, 3
2236, 16, 19, 3
2237, 16, 19, 3
2237, 16, 19, 3
2238, 16, 19, 3
2238, 16, 19, 3
2239, 16, 19, 3
2239, 16, 19, 3
2240, 16, 19, 3
2240, 16, 19, 3
2241, 16, 19, 3
2241, 16, 19, 3
2242, 16, 19, 3
2242, 16, 19, 3
2243, 16, 19, 3
2243, 16, 19, 3
2244, 16, 19, 3
2244, 16, 19, 3
2245, 16, 19, 3
2245, 16, 19, 3
2246, 16, 19, 3
2246, 16, 19, 3
2247, 16, 19, 3
2247, 16, 19, 3
2248, 16, 19, 3
2248, 16, 19, 3
2249, 16, 19, 3
2249, 16, 19, 3
2250, 16, 19, 3
2250, 16, 19, 3
2251, 16, 19, 3
2251, 16, 19, 3
2252, 16, 19, 3
2252, 16, 19, 3
2253, 16, 19, 3
2253, 16, 19, 3
2254, 16, 19, 3
2254, 16, 19, 3
2255, 16, 19, 3
2255, 16, 19, 3
2256, 16, 19, 3
2256, 16, 19, 3
2257, 16, 19, 3
2257, 16, 19, 3
2258, 16, 19, 3
2258, 16, 19, 3
2259, 16, 19, 3
2259, 16, 19, 3
2260, 16, 19, 3
2260, 16, 19, 3
2261, 16, 19, 3
2261, 16, 19, 3
2262, 16, 19, 3
2262, 16, 19, 3
2263, 16, 19, 3
2263, 16, 19, 3
2264, 16, 19, 3
2264, 16, 19, 3
2265, 16, 19, 3
2265, 16, 19, 3
2266, 16, 19, 3
2266, 16, 19, 3
2267, 16, 19, 3
2267, 16, 19, 3
2268, 16, 19, 3
2268, 16, 19, 3
2269, 16, 19, 3
2269, 16, 19, 3
2270, 16, 19, 3
2270, 16, 19, 3
2271, 16, 19, 3
2271, 16, 19, 3
2272, 16, 19, 3
2272, 16, 19, 3
2273, 16, 19, 3
2273, 16, 19, 3
2274, 16, 19, 3
2274, 16, 19, 3
2275, 16, 19, 3
2275, 16, 19, 3
2276, 16, 19, 3
2276, 16, 19, 3
2277, 16, 19, 3
2277, 16, 19, 3
2278, 16, 19, 3
2278, 16, 19, 3
2279, 16, 19, 3
2279, 16, 19, 3
2280, 16, 19, 3
2280, 16, 19, 3
2281, 16, 19, 3
2281, 16, 19, 3
2282, 16, 19, 3
2282, 16, 19, 3
2283, 16, 19, 3
2283, 16, 19, 3
2284, 16, 19, 3
2284, 16, 19, 3
2285, 16, 19, 3
2285, 16, 19, 3
2286, 16, 19, 3
2286, 16, 19, 3
2287, 16, 19, 3
2287, 16, 19, 3
2288, 16, 19, 3
2288, 16, 19, 3
2289, 16, 19, 3
2289, 16, 19, 3
2290, 16, 19, 3
2290, 16, 19, 3
2291, 16, 19, 3
2291, 16, 19, 3
2292, 16, 19, 3
2292, 16, 19, 3
2293, 16, 19, 3
2293, 16, 19, 3
2294, 16, 19, 3
2294, 16, 19, 3
2295, 16, 19, 3
2295, 16, 19, 3
2296, 16, 19, 3
2296, 16, 19, 3
2297, 16, 19, 3
2297, 16, 19, 3
2298, 16, 19, 3
2298, 16, 19, 3
2299, 16, 19, 3
2299, 16, 19, 3
2300, 16, 19, 3
2300, 16, 19, 3
2301, 16, 19, 3
2301, 16, 19, 3
2302, 16, 19, 3
2302, 16, 19, 4
2303, 16, 19, 4
2303, 16, 19, 4
2304, 16, 19, 4
2304, 16, 19, 4
2305, 16, 19, 4
2305, 16, 19, 4
2306, 16, 19, 4
2306, 16, 19, 4
2307, 16, 19, 4
2307, 16, 19, 4
2308, 16, 19, 4
2308, 16, 19, 4
2309, 16, 19, 4
2309, 16, 19, 4
2310, 16, 19, 4
2310, 16, 19, 4
2311, 16, 19, 4
2311, 16, 19, 4
2312, 16, 19, 4
2312, 16, 19, 4
2313, 16, 19, 4
2313, 16, 19, 4
2314, 16, 19, 4
2314, 16, 19, 4
2315, 16, 19, 4
2315, 16, 19, 4
2316, 16, 19, 5
2316, 16, 19, 5
2317, 16, 19, 5
2317, 16, 19, 5
2318, 16, 19, 5
2318, 16, 19, 5
2319, 16, 19, 5
2319, 16, 19, 5
2320, 16, 19, 5
2320, 16, 19, 5
2321, 16, 19, 5
2321, 16, 19, 5
2322, 16, 19, 5
2322, 16, 19, 5
2323, 16, 19, 5
2323, 16, 19, 5
2324, 16, 19, 5
2324, 16, 19, 5
2325, 16, 19, 5
2325, 16, 19, 5
2326, 16, 19, 5
2326, 16, 19, 5
2327, 16, 19, 5
2327, 16, 19, 5
2328, 16, 19, 5
2328, 16, 19, 5
2329, 16, 19, 5
2329, 16, 19, 5
2330, 16, 19, 5
2330, 16, 19, 5
2331, 16, 19, 5
2331, 16, 19, 5
2332, 16, 19, 5
2332, 16, 19, 5
2333, 16, 19, 5
2333, 16, 19, 5
2334, 16, 19, 5
2334, 16, 19, 5
2335, 16, 19, 5
2335, 16, 19, 5
2336, 16, 19, 5
2336, 16, 19, 5
2337, 16, 19, 5
2337, 16, 19, 5
2338, 16, 19, 5
2338, 16, 19, 5
2339, 16, 19, 5
2339, 16, 19, 5
2340, 16, 19, 5
2340, 16, 19, 5
2341, 16, 19, 5
2341, 16, 19, 5
2342, 16, 19, 5
2342, 16, 19, 5
2343, 16, 19, 5
2343, 16, 19, 5
2344, 16, 19, 5
2344, 16, 19, 5
2345, 16, 19, 5
2345, 16, 19, 5
2346, 16, 19, 5
2346, 16, 19, 5
2347, 16, 19, 5
2347, 16, 19, 5
2348, 16, 19, 5
2348, 16, 19, 5
2349, 16, 19, 5
2349, 16, 19, 5
2350, 16, 19, 5
2350, 16, 19, 5
2351, 16, 19, 5
2351, 16, 19, 5
2352, 16, 19, 5
2352, 16, 19, 5
2353, 16, 19, 5
2353, 16, 19, 5
2354, 16, 19, 5
2354, 16, 19, 5
2355, 16, 19, 5
2355, 16, 19, 5
2356, 16, 19, 5
2356, 16, 19, 5
2357, 16, 19, 5
2357, 16, 19, 5
2358, 16, 19, 5
2358, 16, 19, 5
2359, 16, 19, 5
2359, 16, 19, 5
2360, 16, 19, 5
2360, 16, 19, 5
2361, 16, 19, 5
2361, 16, 19, 5
2362, 16, 19, 5
2362, 16, 19, 5
2363, 16, 19, 5
2363, 16, 19, 5
2364, 16, 19, 5
2364, 16, 19, 5
2365, 16, 19, 5
2365, 16, 19, 5
2366, 16, 19, 5
2366, 16, 19, 5
2367, 16, 19, 5
2367, 16, 19, 5
2368, 16, 19, 5
2368, 16, 19, 5
2369, 16, 19, 5
2369, 16, 19, 5
2370, 16, 19, 5
2370, 16, 19, 5
2371, 16, 19, 5
2371, 16, 19, 5
2372, 16, 19, 5
2372, 16, 19, 5
2373, 16, 19, 5
2373, 16, 19, 5
2374, 16, 19, 5
2374, 16, 19, 5
2375, 16, 19, 5
2375, 16, 19, 5
2376, 16, 19, 5
2376, 16, 19, 5
2377, 16, 19, 5
2377, 16, 19, 5
2378, 16, 19, 5
2378, 16, 19, 5
2379, 16, 19, 5
2379, 16, 19, 5
2380, 16, 19, 5
2380, 16, 19, 5
2381, 16, 19, 5
2381, 16, 19, 5
2382, 16, 19, 5
2382, 16, 19, 5
2383, 16, 19, 5
2383, 16, 19, 5
2384, 16, 19, 5
2384, 16, 19, 5
2385, 16, 19, 5
2385, 16, 19, 5
2386, 16, 19, 5
2386, 16, 19, 5
2387, 16, 19, 5
2387, 16, 19, 5
2388, 16, 19, 5
2388, 16, 19, 5
2389, 16, 19, 5
2389, 16, 19, 5
2390, 16, 19, 5
2390, 16, 19, 5
2391, 16, 19, 5
2391, 16, 19, 5
2392, 16, 19, 5
2392, 16, 19, 5
2393, 16, 19, 5
2393, 16, 19, 5
2394, 16, 19, 5
2394, 16, 19, 5
2395, 16, 19, 5
2395, 16, 19, 5
2396, 16, 19, 5
2396, 16, 19, 5
2397, 16, 19, 5
2397, 16, 19, 5
2398, 16, 19, 5
2398, 16, 19, 5
2399, 16, 19, 5
2399, 16, 19, 5
2400, 16, 19, 5
2400, 16, 19, 5
2401, 16, 19, 5
2401, 16, 19, 5
2402, 16, 19, 5
2402, 16, 19, 5
2403, 16, 19, 5
2403, 16, 19, 5
2404, 16, 19, 5
2404, 16, 19, 5
2405, 16, 19, 5
2405, 16, 19, 5
2406, 16, 19, 5
2406, 16, 19, 5
2407, 16, 19, 5
2407, 16, 19, 5
2408, 16, 19, 5
2408, 16, 19, 5
2409, 16, 19, 5
2409, 16, 19, 5
2410, 16, 19, 5
2410, 16, 19, 5
2411, 16, 19, 5
2411, 16, 19, 5
2412, 16, 19, 5
2412, 16, 19, 5
2413, 16, 19, 5
2413, 16, 19, 5
2414, 16, 19, 5
2414, 16, 19, 5
2415, 16, 19, 5
2415, 16, 19, 5
2416, 16, 19, 5
2416, 16, 19, 5
2417, 16, 19, 5
2417, 16, 19, 5
2418, 16, 19, 5
2418, 16, 19, 5
2419, 16, 19, 5
2419, 16, 19, 5
2420, 16, 19, 5
2420, 16, 19, 5
2421, 16, 19, 5
2421, 16, 19, 5
2422, 16, 19, 5
2422, 16, 19, 5
2423, 16, 19, 5
2423, 16, 19, 5
2424, 16, 19, 5
2424, 16, 19, 5
2425, 16, 19, 5
2425, 16, 19, 5
2426, 16, 19, 5
2426, 16, 19, 5
2427, 16, 19, 5
2427, 16, 19, 5
2428, 16, 19, 5
2428, 16, 19, 5
2429, 16, 19, 5
2429, 16, 19, 5
2430, 16, 19, 5
2430, 16, 19, 5
2431, 16, 19, 5
2431, 16, 19, 5
2432, 16, 19, 5
2432, 16, 19, 5
2433, 16, 19, 5
2433, 16, 19, 5
2434, 16, 19, 5
2434, 16, 19, 5
2435, 16, 19, 5
2435, 16, 19, 5
2436, 16, 19, 5
2436, 16, 19, 5
2437, 16, 19, 5
2437, 16, 19, 5
2438, 16, 19, 5
2438, 16, 19, 5
2439, 16, 19, 5
2439, 16, 19, 6
2440, 16, 19, 6
2440, 16, 19, 6
2441, 16, 19, 6
2441, 16, 19, 6
2442, 16, 19, 6
2442, 16, 19, 6
2443, 16, 19, 6
2443, 16, 19, 6
2444, 16, 19, 6
2444, 16, 19, 6
2445, 16, 19, 6
2445, 16, 19, 6
2446, 16, 19, 6
2446, 16, 19, 6
2447, 16, 19, 6
2447, 16, 19, 6
2448, 16, 19, 6
2448, 16, 19, 6
2449, 16, 19, 6
2449, 16, 19, 6
2450, 16, 19, 6
2450, 16, 19, 6
2451, 16, 19, 6
2451, 16, 19, 6
2452, 16, 19, 6
2452, 16, 19, 6
2453, 16, 19, 6
2453, 16, 19, 6
2454, 16, 19, 6
2454, 16, 19, 6
2455, 16, 19, 6
2455, 16, 19, 6
2456, 16, 19, 6
2456, 16, 19, 6
2457, 16, 19, 6
2457, 16, 19, 6
2458, 16, 19, 6
2458, 16, 19, 6
2459, 16, 19, 6
2459, 16, 19, 6
2460, 16, 19, 6
2460, 16, 19, 6
2461, 16, 19, 6
2461, 16, 19, 6
2462, 16, 19, 6
2462, 16, 19, 6
2463, 16, 19, 6
2463, 16, 19, 6
2464, 16, 19, 6
2464, 16, 19, 6
2465, 16, 19, 6
2465, 16, 19, 6
2466, 16, 19, 6
2466, 16, 19, 6
2467, 16, 19, 6
2467, 16, 19, 6
2468, 16, 19, 6
2468, 16, 19, 6
2469, 16, 19, 6
2469, 16, 19, 6
2470, 16, 19, 6
2470, 16, 19, 6
2471, 16, 19, 6
2471, 16, 19, 6
2472, 16, 19, 6
2472, 16, 19, 6
2473, 16, 19, 6
2473, 16, 19, 6
2474, 16, 19, 6
2474, 16, 19, 6
2475, 16, 19, 6
2475, 16, 19, 6
2476, 16, 19, 6
2476, 16, 19, 6
2477, 16, 19, 6
2477, 16, 19, 6
2478, 16, 19, 6
2478, 16, 19, 6
2479, 16, 19, 6
2479, 16, 19, 6
2480, 16, 19, 6
2480, 16, 19, 6
2481, 16, 19, 6
2481, 16, 19, 6
2482, 16, 19, 6
2482, 16, 19, 6
2483, 16, 19, 6
2483, 16, 19, 6
2484, 16, 19, 6
2484, 16, 19, 6
2485, 16, 19, 6
2485, 16, 19, 6
2486, 16, 19, 6
2486, 16, 19, 6
2487, 16, 19, 6
2487, 16, 19, 6
2488, 16, 19, 6
2488, 16, 19, 6
2489, 16, 19, 7
2489, 16, 19, 7
2490, 16, 19, 7
2490, 16, 19, 7
2491, 16, 19, 7
2491, 16, 19, 7
2492, 16, 19, 7
2492, 16, 19, 7
2493, 16, 19, 7
2493, 16, 19, 7
2494, 16, 19, 7
2494, 16, 19, 7
2495, 16, 19, 7
2495, 16, 19, 7
2496, 16, 19, 7
2496, 16, 19, 7
2497, 16, 19, 7
2497, 16, 19, 7
2498, 16, 19, 7
2498, 16, 19, 7
2499, 16, 19, 7
2499, 16, 19, 7
2500, 16, 19, 7
2500, 16, 19, 7
2501, 16, 19, 7
2501, 16, 19, 7
2502, 16, 19, 7
2502, 16, 19, 7
2503, 16, 19, 7
2503, 16, 19, 7
2504, 16, 19, 7
2504, 16, 19, 7
2505, 16, 19, 7
2505, 16, 19, 7
2506, 16, 19, 7
2506, 16, 19, 7
2507, 16, 19, 7
2507, 16, 19, 7
2508, 16, 19, 7
2508, 16, 19, 7
2509, 16, 19, 7
2509, 16, 19, 7
2510, 16, 19, 7
2510, 16, 19, 7
2511, 16, 19, 7
2511, 16, 19, 7
2512, 16, 19, 7
2512, 16, 19, 7
2513, 16, 19, 7
2513, 16, 19, 7
2514, 16, 19, 7
2514, 16, 19, 7
2515, 16, 19, 7
2515, 16, 19, 7
2516, 16, 19, 7
2516, 16, 19, 7
2517, 16, 19, 7
2517, 16, 19, 7
2518, 16, 19, 7
2518, 16, 19, 7
2519, 16, 19, 7
2519, 16, 19, 7
2520, 16, 19, 7
2520, 16, 19, 7
2521, 16, 19, 7
2521, 16, 19, 7
2522, 16, 19, 7
2522, 16, 19, 7
2523, 16, 19, 7
2523, 16, 19, 7
2524, 16, 19, 7
2524, 16, 19, 7
2525, 16, 19, 7
2525, 16, 19, 7
2526, 16, 19, 7
2526, 16, 19, 7
2527, 16, 19, 7
2527, 16, 19, 7
2528, 16, 19, 7
2528, 16, 19, 7
2529, 16, 19, 7
2529, 16, 19, 7
2530, 16, 19, 7
2530, 16, 19, 7
2531, 16, 19, 7
2531, 16, 19, 7
2532, 16, 19, 7
2532, 16, 19, 7
2533, 16, 19, 7
2533, 16, 19, 7
2534, 16, 19, 7
2534, 16, 19, 7
2535, 16, 19, 7
2535, 16, 19, 7
2536, 16, 19, 7
2536, 16, 19, 7
2537, 16, 19, 7
2537, 16, 19, 7
2538, 16, 19, 7
2538, 16, 19, 7
2539, 16, 19, 7
2539, 16, 19, 7
2540, 16, 19, 7
2540, 16, 19, 7
2541, 16, 19, 7
2541, 16, 19, 7
2542, 16, 19, 7
2542, 16, 19, 7
2543, 16, 19, 7
2543, 16, 19, 7
2544, 16, 19, 7
2544, 16, 19, 7
2545, 16, 19, 7
2545, 16, 19, 7
2546, 16, 19, 7
2546, 16, 19, 7
2547, 16, 19, 7
2547, 16, 19, 7
2548, 16, 19, 7
2548, 16, 19, 7
2549, 16, 19, 7
2549, 16, 19, 7
2550, 16, 19, 7
2550, 16, 19, 7
2551, 16, 19, 7
2551, 16, 19, 7
2552, 16, 19, 7
2552, 16, 19, 7
2553, 16, 19, 7
2553, 16, 19, 7
2554, 16, 19, 7
2554, 16, 19, 7
2555, 16, 19, 7
2555, 16, 19, 7
2556, 16, 19, 7
2556, 16, 19, 7
2557, 16, 19, 7
2557, 16, 19, 7
2558, 16, 19, 7
2558, 16, 19, 7
2559, 16, 19, 7
2559, 16, 19, 7
2560, 16, 19, 7
2560, 16, 19, 7
2561, 16, 19, 7
2561, 16, 19, 7
2562, 16, 19, 7
2562, 16, 19, 7
2563, 16, 19, 7
2563, 16, 19, 7
2564, 16, 19, 7
2564, 16, 19, 7
2565, 16, 19, 7
2565, 16, 19, 7
2566, 16, 19, 7
2566, 16, 19, 7
2567, 16, 19, 7
2567, 16, 19, 7
2568, 16, 19, 7
2568, 16, 19, 7
2569, 16, 19, 7
2569, 16, 19, 7
2570, 16, 19, 7
2570, 16, 19, 7
2571, 16, 19, 7
2571, 16, 19, 7
2572, 16, 19, 7
2572, 16, 19, 7
2573, 16, 19, 7
2573, 16, 19, 7
2574, 16, 19, 7
2574, 16, 19, 7
2575, 16, 19, 7
2575, 16, 19, 7
2576, 16, 19, 7
2576, 16, 19, 7
2577, 16, 19, 7
2577, 16, 19, 7
2578, 16, 19, 7
2578, 16, 19, 7
2579, 16, 19, 7
2579, 16, 19, 7
2580, 16, 19, 7
2580, 16, 19, 7
2581, 16, 19, 7
2581, 16, 19, 7
2582, 16, 19, 7
2582, 16, 19, 7
2583, 16, 19, 7
2583, 16, 19, 7
2584, 16, 19, 7
2584, 16, 19, 7
2585, 16, 19, 7
2585, 16, 19, 7
2586, 16, 19, 7
2586, 16, 19, 7
2587, 16, 19, 7
2587, 16, 19, 7
2588, 16, 19, 7
2588, 16, 19, 7
2589, 16, 19, 7
2589, 16, 19, 7
2590, 16, 19, 7
2590, 16, 19, 7
2591, 16, 19, 7
2591, 16, 19, 7
2592, 16, 19, 7
2592, 16, 19, 7
2593, 16, 19, 7
2593, 16, 19, 7
2594, 16, 19, 7
2594, 16, 19, 7
2595, 16, 19, 7
2595, 16, 19, 7
2596, 16, 19, 7
2596, 16, 19, 7
2597, 16, 19, 7
2597, 16, 19, 8
2598, 16, 19, 8
2598, 16, 19, 8
2599, 16, 19, 8
2599, 16, 19, 8
2600, 16, 19, 8
2600, 16, 19, 8
2601, 16, 19, 8
2601, 16, 19, 8
2602, 16, 19, 8
2602, 16, 19, 8
2603, 16, 19, 8
2603, 16, 19, 8
2604, 16, 19, 8
2604, 16, 19, 8
2605, 16, 19, 8
2605, 16, 19, 8
2606, 16, 19, 8
2606, 16, 19, 8
2607, 16, 19, 8
2607, 16, 19, 8
2608, 16, 19, 8
2608, 16, 19, 8
2609, 16, 19, 8
2609, 16, 19, 8
2610, 16, 19, 8
2610, 16, 19, 8
2611, 16, 19, 8
2611, 16, 19, 8
2612, 16, 19, 8
2612, 16, 19, 8
2613, 16, 19, 8
2613, 16, 19, 8
2614, 16, 19, 8
2614, 16, 19, 8
2615, 16, 19, 8
2615, 16, 19, 8
2616, 16, 19, 8
2616, 16, 19, 8
2617, 16, 19, 8
2617, 16, 19, 8
2618, 16, 19, 8
2618, 16, 19, 8
2619, 16, 19, 8
2619, 16, 19, 8
2620, 16, 19, 8
2620, 16, 19, 8
2621, 16, 19, 8
2621, 16, 19, 8
2622, 16, 19, 8
2622, 16, 19, 8
2623, 16, 19, 8
2623, 16, 19, 8
2624, 16, 19, 8
2624, 16, 19, 8
2625, 16, 19, 8
2625, 16, 19, 8
2626, 16, 19, 8
2626, 16, 19, 8
2627, 16, 19, 8
2627, 16, 19, 8
2628, 16, 19, 8
2628, 16, 19, 8
2629, 16, 19, 8
2629, 16, 19, 8
2630, 16, 19, 8
2630, 16, 19, 8
2631, 16, 19, 8
2631, 16, 19, 8
2632, 16, 19, 8
2632, 16, 19, 8
2633, 16, 19, 8
2633, 16, 19, 8
2634, 16, 19, 8
2634, 16, 19, 8
2635, 16, 19, 8
2635, 16, 19, 8
2636, 16, 19, 8
2636, 16, 19, 8
2637, 16, 19, 8
2637, 16, 19, 8
2638, 16, 19, 8
2638, 16, 19, 8
2639, 16, 19, 8
2639, 16, 19, 8
2640, 16, 19, 8
2640, 16, 19, 8
2641, 16, 19, 8
2641, 16, 19, 8
2642, 16, 19, 8
2642, 16, 19, 8
2643, 16, 19, 8
2643, 16, 19, 8
2644, 16, 19, 8
2644, 16, 19, 8
2645, 16, 19, 8
2645, 16, 19, 8
2646, 16, 19, 8
2646, 16, 19, 8
2647, 16, 19, 8
2647, 16, 19, 8
2648, 16, 19, 8
2648, 16, 19, 8
2649, 16, 19, 8
2649, 16, 19, 8
2650, 16, 19, 8
2650, 16, 19, 8
2651, 16, 19, 8
2651, 16, 19, 8
2652, 16, 19, 8
2652, 16, 19, 8
2653, 16, 19, 8
2653, 16, 19, 8
2654, 16, 19, 8
2654, 16, 19, 8
2655, 16, 19, 8
2655, 16, 19, 8
2656, 16, 19, 8
2656, 16, 19, 8
2657, 16, 19, 8
2657, 16, 19, 8
2658, 16, 19, 8
2658, 16, 19, 8
2659, 16, 19, 8
2659, 16, 19, 8
2660, 16, 19, 8
2660, 16, 19, 8
2661, 16, 19, 8
2661, 16, 19, 8
2662, 16, 19, 8
2662, 16, 19, 8
2663, 16, 19, 8
2663, 16, 19, 8
2664, 16, 19, 8
2664, 16, 19, 8
2665, 16, 19, 8
2665, 16, 19, 8
2666, 16, 19, 8
2666, 16, 19, 8
2667, 16, 19, 8
2667, 16, 19, 8
2668, 16, 19, 8
2668, 16, 19, 8
2669, 16, 19, 8
2669, 16, 19, 8
2670, 16, 19, 8
2670, 16, 19, 8
2671, 16, 19, 8
2671, 16, 19, 8
2672, 16, 19, 8
2672, 16, 19, 8
2673, 16, 19, 8
2673, 16, 19, 8
2674, 16, 19, 8
2674, 16, 19, 8
2675, 16, 19, 8
2675, 16, 19, 8
2676, 16, 19, 8
2676, 16, 19, 8
2677, 16, 19, 8
2677, 16, 19, 8
2678, 16, 19, 8
2678, 16, 19, 8
2679, 16, 19, 8
2679, 16, 19, 8
2680, 16, 19, 8
2680, 16, 19, 8
2681, 16, 19, 8
2681, 16, 19, 8
2682, 16, 19, 8
2682, 16, 19, 8
2683, 16, 19, 8
2683, 16, 19, 8
2684, 16, 19, 8
2684, 16, 19, 8
2685, 16, 19, 8
2685, 16, 19, 8
2686, 16, 19, 8
2686, 16, 19, 8
2687, 16, 19, 8
2687, 16, 19, 8
2688, 16, 19, 8
2688, 16, 19, 8
2689, 16, 19, 8
2689, 16, 19, 8
2690, 16, 19, 8
2690, 16, 19, 8
2691, 16, 19, 8
2691, 16, 19, 8
2692, 16, 19, 8
2692, 16, 19, 8
2693, 16, 19, 8
2693, 16, 19, 8
2694, 16, 19, 8
2694, 16, 19, 8
2695, 16, 19, 8
2695, 16, 19, 8
2696, 16, 19, 8
2696, 16, 19, 8
2697, 16, 19, 8
2697, 16, 19, 8
2698, 16, 19, 8
2698, 16, 19, 8
2699, 16, 19, 8
2699, 16, 19, 8
2700, 16, 19, 8
2700, 16, 19, 8
2701, 16, 19, 8
2701, 16, 19, 8
2702, 16, 19, 8
2702, 16, 19, 8
2703, 16, 19, 8
2703, 16, 19, 8
2704, 16, 19, 8
2704, 16, 19, 8
2705, 16, 19, 8
2705, 16, 19, 8
2706, 16, 19, 8
2706, 16, 19, 8
2707, 16, 19, 8
2707, 16, 19, 8
2708, 16, 19, 8
2708, 16, 19, 8
2709, 16, 19, 8
2709, 16, 19, 8
2710, 16, 19, 8
2710, 16, 19, 8
2711, 16, 19, 8
2711, 16, 19, 8
2712, 16, 19, 8
2712, 16, 19, 8
2713, 16, 19, 8
2713, 16, 19, 8
2714, 16, 19, 8
2714, 16, 19, 8
2715, 16, 19, 8
2715, 16, 19, 8
2716, 16, 19, 8
2716, 16, 19, 8
2717, 16, 19, 8
2717, 16, 19, 8
2718, 16, 19, 8
2718, 16, 19, 8
2719, 16, 19, 8
2719, 16, 19, 8
2720, 16, 19, 8
2720, 16, 19, 8
2721, 16, 19, 8
2721, 16, 19, 8
2722, 16, 19, 8
2722, 16, 19, 8
2723, 16, 19, 8
2723, 16, 19, 8
2724, 16, 19, 8
2724, 16, 19, 8
2725, 16, 19, 8
2725, 16, 19, 8
2726, 16, 19, 8
2726, 16, 19, 8
2727, 16, 19, 8
2727, 16, 19, 8
2728, 16, 19, 8
2728, 16, 19, 8
2729, 16, 19, 8
2729, 16, 19, 8
2730, 16, 19, 8
2730, 16, 19, 8
2731, 16, 19, 8
2731, 16, 19, 8
2732, 16, 19, 8
2732, 16, 19, 8
2733, 16, 19, 8
2733, 16, 19, 8
2734, 16, 19, 8
2734, 16, 19, 8
2735, 16, 19, 8
2735, 16, 19, 8
2736, 16, 19, 8
2736, 16, 19, 8
2737, 16, 19, 8
2737, 16, 19, 8
2738, 16, 19, 8
2738, 16, 19, 8
2739, 16, 19, 8
2739, 16, 19, 8
2740, 16, 19, 8
2740, 16, 19, 8
2741, 16, 19, 8
2741, 16, 19, 8
2742, 16, 19, 8
2742, 16, 19, 8
2743, 16, 19, 8
2743, 16, 19, 8
2744, 16, 19, 8
2744, 16, 19, 8
2745, 16, 19, 8
2745, 16, 19, 8
2746, 16, 19, 8
2746, 16, 19, 8
2747, 16, 19, 8
2747, 16, 19, 8
2748, 16, 19, 8
2748, 16, 19, 8
2749, 16, 19, 8
