0, 50, 60, 30, 20
1, 50, 60, 30, 20
2, 50, 60, 29, 20
3, 50, 60, 29, 20
4, 50, 60, 29, 20
5, 50, 60, 29, 20
6, 50, 60, 29, 20
7, 50, 60, 29, 20
8, 50, 60, 29, 20
9, 50, 60, 29, 20
10, 50, 60, 29, 20
11, 50, 60, 29, 20
12, 50, 60, 29, 20
13, 50, 60, 29, 20
14, 50, 60, 29, 20
15, 50, 60, 29, 20
16, 50, 60, 29, 20
17, 50, 60, 29, 20
18, 50, 60, 29, 20
19, 49, 60, 29, 20
20, 49, 60, 29, 20
21, 49, 60, 29, 20
22, 49, 60, 29, 20
23, 49, 60, 29, 20
24, 49, 60, 29, 20
25, 49, 60, 29, 20
26, 49, 60, 29, 20
27, 49, 60, 29, 20
28, 49, 60, 29, 20
29, 49, 60, 29, 20
30, 49, 60, 29, 20
31, 49, 59, 29, 20
32, 49, 59, 29, 20
33, 48, 58, 29, 20
34, 48, 58, 29, 20
35, 48, 58, 29, 20
36, 48, 58, 29, 20
37, 48, 58, 29, 20
38, 48, 57, 29, 20
39, 48, 57, 29, 20
40, 48, 57, 29, 20
41, 48, 57, 29, 20
42, 48, 57, 29, 20
43, 48, 57, 29, 20
44, 48, 56, 29, 20
45, 48, 56, 29, 20
46, 48, 56, 29, 20
47, 48, 56, 29, 20
48, 48, 56, 29, 20
49, 48, 56, 29, 20
50, 48, 56, 29, 20
51, 48, 56, 29, 20
52, 48, 56, 29, 20
53, 48, 56, 29, 20
54, 48, 56, 29, 20
55, 48, 55, 29, 20
56, 48, 55, 29, 20
57, 48, 55, 29, 20
58, 48, 55, 29, 20
59, 48, 55, 29, 20
60, 48, 55, 29, 20
61, 48, 55, 29, 20
62, 48, 55, 29, 20
63, 48, 55, 29, 20
64, 48, 55, 28, 20
65, 48, 55, 28, 20
66, 48, 55, 28, 20
67, 48, 55, 28, 20
68, 48, 55, 28, 20
69, 48, 55, 28, 20
70, 48, 55, 28, 20
71, 48, 55, 28, 20
72, 48, 55, 28, 20
73, 48, 55, 28, 20
74, 48, 55, 28, 20
75, 48, 55, 28, 20
76, 48, 54, 28, 20
77, 48, 54, 28, 20
78, 48, 54, 28, 20
79, 48, 54, 28, 20
80, 47, 54, 28, 20
81, 46, 54, 28, 20
82, 46, 54, 28, 20
83, 46, 54, 28, 20
84, 46, 53, 28, 20
85, 46, 53, 28, 20
86, 46, 53, 28, 20
87, 46, 53, 28, 20
88, 46, 53, 28, 20
89, 46, 53, 28, 20
90, 46, 53, 28, 20
91, 45, 53, 28, 20
92, 45, 53, 28, 20
93, 45, 52, 28, 20
94, 45, 52, 28, 20
95, 45, 51, 28, 20
96, 45, 51, 28, 20
97, 45, 51, 28, 20
98, 45, 51, 28, 20
99, 45, 51, 28, 20
100, 45, 51, 28, 20
101, 45, 51, 28, 20
102, 45, 51, 28, 20
103, 45, 51, 28, 20
104, 45, 51, 28, 20
105, 45, 50, 28, 20
106, 45, 49, 28, 20
107, 45, 49, 28, 20
108, 45, 49, 28, 20
109, 45, 49, 28, 20
110, 45, 49, 28, 20
111, 45, 49, 28, 20
112, 45, 48, 28, 20
113, 45, 48, 28, 20
114, 45, 48, 28, 20
115, 45, 48, 28, 20
116, 45, 48, 28, 20
117, 45, 48, 28, 20
118, 45, 48, 28, 20
119, 45, 48, 28, 20
120, 45, 48, 28, 20
121, 45, 48, 27, 20
122, 45, 48, 27, 20
123, 45, 48, 27, 20
124, 45, 48, 27, 20
125, 45, 48, 27, 20
126, 45, 48, 27, 20
127, 45, 48, 27, 20
128, 43, 48, 27, 20
129, 43, 48, 27, 20
130, 43, 48, 27, 20
131, 43, 48, 27, 20
132, 43, 48, 27, 20
133, 43, 48, 27, 20
134, 43, 48, 27, 20
135, 42, 46, 26, 20
136, 42, 46, 26, 20
137, 42, 46, 26, 20
138, 42, 46, 26, 20
139, 42, 46, 26, 20
140, 42, 46, 26, 20
141, 42, 46, 26, 20
142, 42, 46, 26, 20
143, 42, 46, 26, 20
144, 42, 46, 26, 20
145, 42, 46, 26, 20
146, 42, 46, 26, 20
147, 42, 46, 26, 20
148, 42, 46, 26, 20
149, 41, 46, 26, 20
150, 41, 46, 26, 20
151, 41, 46, 26, 20
152, 41, 45, 26, 20
153, 41, 45, 26, 20
154, 41, 44, 26, 20
155, 41, 44, 26, 20
156, 39, 44, 26, 20
157, 39, 44, 26, 20
158, 39, 43, 26, 20
159, 39, 42, 26, 20
160, 39, 42, 26, 20
161, 39, 42, 26, 20
162, 38, 42, 26, 20
163, 38, 42, 26, 20
164, 38, 42, 26, 20
165, 38, 41, 26, 20
166, 37, 41, 26, 20
167, 37, 39, 26, 20
168, 37, 39, 26, 20
169, 37, 39, 26, 20
170, 35, 39, 26, 20
171, 35, 39, 26, 20
172, 35, 38, 26, 20
173, 34, 38, 26, 20
174, 34, 38, 26, 20
175, 34, 38, 26, 20
176, 34, 38, 26, 20
177, 34, 38, 25, 20
178, 34, 38, 25, 20
179, 34, 38, 24, 20
180, 34, 38, 24, 20
181, 34, 38, 24, 20
182, 34, 38, 24, 20
183, 34, 38, 24, 20
184, 34, 38, 24, 20
185, 34, 38, 24, 20
186, 34, 38, 24, 20
187, 34, 38, 24, 20
188, 34, 38, 24, 20
189, 34, 38, 24, 20
190, 34, 37, 24, 20
191, 34, 37, 24, 20
192, 34, 37, 24, 20
193, 34, 37, 24, 20
194, 34, 37, 24, 20
195, 34, 37, 24, 20
196, 34, 37, 24, 20
197, 33, 37, 24, 20
198, 33, 37, 24, 20
199, 33, 36, 24, 20
200, 33, 36, 24, 20
201, 33, 36, 24, 20
202, 33, 36, 24, 20
203, 33, 35, 23, 20
204, 33, 34, 23, 20
205, 33, 34, 22, 20
206, 33, 34, 22, 20
207, 33, 33, 22, 20
208, 33, 33, 22, 20
209, 33, 33, 22, 20
210, 33, 33, 22, 20
211, 33, 33, 22, 20
212, 33, 33, 22, 20
213, 33, 33, 22, 20
214, 33, 33, 22, 20
215, 33, 33, 22, 20
216, 33, 33, 22, 20
217, 33, 33, 22, 20
218, 33, 33, 22, 20
219, 33, 33, 22, 20
220, 33, 33, 22, 20
221, 33, 33, 22, 20
222, 33, 33, 22, 20
223, 32, 33, 22, 20
224, 32, 33, 22, 20
225, 32, 33, 22, 20
226, 32, 33, 22, 20
227, 32, 33, 22, 20
228, 32, 33, 22, 20
229, 32, 33, 22, 20
230, 32, 32, 22, 20
231, 32, 32, 22, 20
232, 32, 32, 22, 20
233, 32, 32, 21, 20
234, 32, 32, 21, 20
235, 32, 32, 21, 20
236, 32, 32, 21, 20
237, 32, 32, 21, 20
238, 32, 32, 21, 20
239, 32, 32, 21, 20
240, 32, 32, 21, 20
241, 32, 32, 20, 20
242, 31, 32, 20, 20
243, 31, 32, 20, 20
244, 31, 32, 20, 20
245, 30, 32, 20, 20
246, 30, 32, 20, 20
247, 30, 32, 20, 20
248, 30, 31, 20, 20
249, 30, 31, 20, 20
250, 30, 31, 20, 20
251, 30, 31, 20, 20
252, 30, 31, 20, 20
253, 30, 31, 20, 20
254, 29, 31, 20, 20
255, 29, 29, 20, 20
256, 29, 29, 20, 20
257, 29, 29, 20, 20
258, 28, 29, 19, 20
259, 27, 29, 19, 20
260, 26, 29, 19, 20
261, 26, 29, 19, 20
262, 26, 29, 18, 20
263, 26, 29, 17, 20
264, 26, 29, 17, 20
265, 26, 29, 17, 20
266, 26, 29, 17, 20
267, 26, 29, 17, 20
268, 26, 29, 17, 20
269, 26, 28, 17, 20
270, 26, 28, 17, 20
271, 26, 28, 17, 20
272, 26, 28, 17, 20
273, 26, 28, 17, 20
274, 26, 28, 17, 20
275, 25, 28, 17, 20
276, 25, 28, 17, 20
277, 25, 28, 17, 20
278, 25, 27, 17, 20
279, 25, 27, 17, 20
280, 25, 27, 17, 20
281, 25, 27, 17, 20
282, 25, 27, 17, 20
283, 25, 27, 17, 20
284, 25, 27, 17, 20
285, 25, 27, 17, 20
286, 25, 27, 17, 20
287, 25, 27, 17, 20
288, 25, 27, 17, 20
289, 25, 27, 17, 20
290, 25, 27, 17, 20
291, 25, 27, 17, 20
292, 25, 27, 17, 20
293, 25, 27, 17, 20
294, 25, 27, 17, 20
295, 25, 27, 17, 20
296, 25, 27, 17, 20
297, 25, 27, 16, 20
298, 25, 27, 16, 20
299, 25, 27, 16, 20
300, 25, 27, 16, 20
301, 25, 27, 16, 20
302, 25, 27, 16, 20
303, 25, 27, 16, 20
304, 25, 27, 16, 20
305, 25, 27, 16, 20
306, 25, 27, 16, 20
307, 25, 27, 16, 20
308, 25, 27, 16, 20
309, 25, 27, 16, 20
310, 25, 27, 16, 20
311, 25, 27, 16, 20
312, 25, 27, 16, 20
313, 25, 27, 15, 20
314, 25, 27, 15, 20
315, 25, 27, 15, 20
316, 25, 27, 15, 20
317, 25, 27, 15, 20
318, 25, 27, 15, 20
319, 25, 27, 15, 20
320, 25, 27, 15, 20
321, 25, 27, 15, 20
322, 25, 27, 15, 20
323, 25, 27, 15, 20
324, 25, 27, 15, 20
325, 24, 27, 15, 20
326, 24, 27, 15, 20
327, 24, 27, 15, 20
328, 24, 27, 14, 20
329, 24, 27, 13, 20
330, 24, 26, 13, 20
331, 24, 26, 13, 20
332, 24, 26, 13, 20
333, 24, 26, 13, 20
334, 24, 26, 13, 20
335, 24, 26, 13, 20
336, 24, 26, 13, 20
337, 24, 26, 13, 20
338, 24, 26, 13, 20
339, 24, 26, 13, 20
340, 24, 26, 13, 20
341, 24, 26, 13, 20
342, 24, 26, 13, 20
343, 24, 26, 13, 20
344, 24, 26, 13, 20
345, 24, 26, 13, 20
346, 24, 25, 13, 20
347, 23, 25, 13, 20
348, 23, 25, 13, 20
349, 23, 25, 13, 20
350, 23, 25, 13, 20
351, 23, 25, 13, 20
352, 23, 25, 13, 20
353, 23, 25, 13, 20
354, 23, 25, 13, 20
355, 23, 25, 13, 20
356, 23, 25, 13, 20
357, 23, 25, 13, 20
358, 23, 25, 13, 20
359, 23, 25, 13, 20
360, 23, 25, 13, 20
361, 23, 25, 13, 20
362, 23, 25, 13, 20
363, 22, 25, 13, 20
364, 22, 25, 13, 20
365, 22, 25, 13, 20
366, 22, 24, 13, 20
367, 22, 24, 13, 20
368, 22, 24, 13, 20
369, 22, 24, 13, 20
370, 22, 24, 13, 20
371, 22, 24, 13, 20
372, 22, 24, 13, 20
373, 22, 24, 13, 20
374, 22, 24, 13, 20
375, 22, 24, 13, 20
376, 22, 23, 13, 20
377, 22, 22, 13, 20
378, 22, 22, 13, 20
379, 21, 22, 13, 20
380, 21, 22, 12, 20
381, 21, 22, 12, 20
382, 21, 22, 12, 20
383, 21, 22, 12, 20
384, 21, 22, 12, 20
385, 21, 22, 12, 20
386, 21, 22, 11, 20
387, 21, 22, 11, 20
388, 21, 22, 11, 20
389, 21, 22, 11, 20
390, 21, 22, 11, 20
391, 21, 22, 11, 20
392, 21, 22, 11, 20
393, 21, 22, 11, 20
394, 21, 20, 10, 20
395, 21, 20, 10, 20
396, 21, 20, 10, 20
397, 21, 20, 10, 20
398, 21, 20, 10, 20
399, 21, 20, 10, 20
400, 21, 20, 10, 20
401, 21, 20, 10, 20
402, 21, 20, 10, 20
403, 21, 19, 10, 20
404, 21, 19, 10, 20
405, 21, 19, 10, 20
406, 21, 19, 10, 20
407, 21, 19, 10, 20
408, 20, 19, 10, 20
409, 20, 18, 10, 20
410, 20, 18, 10, 20
411, 20, 18, 10, 20
412, 20, 18, 10, 20
413, 20, 18, 10, 20
414, 20, 18, 10, 20
415, 20, 18, 10, 20
416, 20, 18, 10, 20
417, 19, 18, 10, 20
418, 19, 18, 10, 20
419, 19, 18, 10, 20
420, 19, 18, 10, 20
421, 19, 18, 10, 20
422, 19, 18, 10, 20
423, 19, 18, 10, 20
424, 19, 18, 10, 20
425, 19, 18, 10, 20
426, 19, 18, 10, 20
427, 19, 18, 10, 20
428, 19, 18, 10, 20
429, 19, 18, 10, 20
430, 19, 18, 10, 20
431, 19, 18, 10, 20
432, 19, 18, 10, 20
433, 19, 18, 10, 20
434, 19, 18, 10, 20
435, 19, 18, 10, 20
436, 19, 18, 10, 20
437, 19, 18, 10, 20
438, 19, 18, 10, 20
439, 19, 18, 10, 20
440, 19, 18, 10, 20
441, 19, 18, 10, 20
442, 19, 18, 10, 20
443, 19, 18, 10, 20
444, 19, 18, 10, 20
445, 19, 18, 10, 20
446, 19, 18, 10, 20
447, 19, 18, 10, 20
448, 19, 18, 10, 20
449, 19, 18, 9, 20
450, 19, 18, 9, 20
451, 19, 18, 9, 20
452, 18, 18, 8, 20
453, 18, 18, 8, 20
454, 18, 18, 8, 20
455, 18, 18, 8, 20
456, 18, 18, 8, 20
457, 18, 18, 8, 20
458, 18, 18, 8, 20
459, 18, 18, 8, 20
460, 18, 18, 8, 20
461, 18, 18, 8, 20
462, 18, 18, 8, 20
463, 18, 18, 8, 20
464, 18, 18, 8, 20
465, 18, 18, 8, 20
466, 18, 18, 8, 20
467, 18, 18, 8, 20
468, 18, 18, 8, 20
469, 18, 18, 8, 20
470, 18, 18, 8, 20
471, 18, 18, 8, 20
472, 18, 18, 7, 20
473, 18, 18, 7, 20
474, 18, 18, 7, 20
475, 18, 18, 6, 20
476, 18, 18, 6, 20
477, 18, 18, 6, 20
478, 18, 18, 6, 20
479, 18, 18, 6, 20
480, 18, 18, 6, 20
481, 18, 18, 6, 20
482, 18, 18, 5, 20
483, 18, 18, 5, 20
484, 18, 18, 5, 20
485, 18, 18, 5, 20
486, 18, 18, 5, 20
487, 18, 18, 5, 20
488, 18, 18, 5, 20
489, 18, 18, 5, 20
490, 18, 18, 5, 20
491, 18, 18, 5, 20
492, 18, 18, 5, 20
493, 18, 18, 5, 20
494, 18, 18, 5, 20
495, 18, 18, 5, 20
496, 18, 18, 5, 20
497, 18, 18, 5, 20
498, 18, 18, 5, 20
499, 18, 18, 5, 20
500, 18, 18, 5, 20
501, 18, 18, 5, 20
502, 18, 18, 5, 20
503, 18, 18, 5, 20
504, 18, 18, 5, 20
505, 18, 18, 4, 20
506, 18, 18, 4, 20
507, 18, 18, 3, 20
508, 18, 18, 3, 20
509, 18, 18, 3, 20
510, 18, 18, 3, 20
511, 18, 18, 3, 20
512, 18, 18, 3, 20
513, 18, 18, 3, 20
514, 18, 18, 3, 20
515, 18, 18, 3, 20
516, 18, 18, 3, 20
517, 18, 18, 3, 20
518, 18, 18, 3, 20
519, 18, 18, 3, 20
520, 18, 18, 3, 20
521, 18, 18, 3, 20
522, 18, 18, 3, 20
523, 18, 18, 3, 20
524, 18, 18, 3, 20
525, 18, 18, 3, 20
526, 18, 18, 3, 20
527, 18, 18, 3, 20
528, 18, 18, 3, 20
529, 18, 18, 3, 20
530, 18, 18, 3, 20
531, 18, 18, 3, 20
532, 18, 18, 3, 20
533, 18, 18, 3, 20
534, 18, 18, 3, 20
535, 18, 18, 3, 20
536, 18, 18, 3, 20
537, 17, 18, 3, 20
538, 17, 18, 3, 20
539, 17, 18, 3, 20
540, 17, 18, 3, 20
541, 16, 18, 3, 20
542, 16, 18, 3, 20
543, 16, 18, 3, 20
544, 16, 18, 3, 20
545, 16, 18, 2, 20
546, 16, 18, 2, 20
547, 16, 18, 2, 20
548, 16, 18, 2, 20
549, 16, 18, 2, 20
550, 16, 18, 2, 20
551, 16, 18, 2, 20
552, 16, 18, 2, 20
553, 16, 18, 2, 20
554, 16, 18, 2, 20
555, 16, 18, 2, 20
556, 16, 18, 2, 20
557, 16, 18, 2, 20
558, 16, 18, 2, 20
559, 16, 18, 2, 20
560, 16, 18, 2, 20
561, 16, 18, 2, 20
562, 16, 18, 2, 20
563, 16, 18, 2, 20
564, 16, 18, 2, 20
565, 16, 18, 2, 20
566, 16, 18, 2, 20
567, 16, 18, 2, 20
568, 16, 18, 2, 20
569, 16, 18, 2, 20
570, 16, 18, 2, 20
571, 16, 18, 1, 20
572, 16, 18, 1, 20
573, 16, 18, 1, 20
574, 16, 18, 1, 20
575, 16, 18, 1, 20
576, 16, 18, 1, 20
577, 16, 18, 1, 20
578, 16, 18, 1, 20
579, 16, 18, 1, 20
580, 16, 18, 1, 20
581, 16, 18, 1, 20
582, 16, 18, 1, 20
583, 16, 18, 1, 20
584, 16, 18, 1, 20
585, 16, 18, 1, 20
586, 16, 18, 1, 20
587, 16, 18, 1, 20
588, 16, 18, 1, 20
589, 16, 18, 1, 20
590, 16, 18, 1, 20
591, 16, 18, 1, 20
592, 16, 18, 1, 20
593, 16, 18, 1, 20
594, 16, 18, 1, 20
595, 16, 18, 1, 20
596, 16, 18, 1, 20
597, 16, 18, 1, 20
598, 16, 18, 1, 20
599, 16, 18, 1, 20
600, 16, 18, 1, 20
601, 16, 18, 1, 20
602, 16, 18, 1, 20
603, 16, 18, 1, 20
604, 16, 18, 1, 20
605, 16, 18, 1, 20
606, 16, 18, 1, 20
607, 16, 18, 1, 20
608, 16, 18, 1, 20
609, 16, 18, 1, 20
610, 16, 18, 1, 20
611, 16, 18, 1, 20
612, 16, 18, 1, 20
613, 16, 18, 1, 20
614, 16, 18, 1, 20
615, 16, 18, 1, 20
616, 16, 18, 1, 20
617, 16, 18, 1, 20
618, 16, 18, 1, 20
619, 16, 18, 1, 20
620, 16, 18, 1, 20
621, 16, 18, 1, 20
622, 16, 18, 1, 20
623, 16, 18, 1, 20
624, 16, 18, 1, 20
625, 16, 17, 1, 20
626, 16, 17, 1, 20
627, 16, 17, 1, 20
628, 16, 17, 1, 20
629, 16, 17, 1, 20
630, 16, 17, 1, 20
631, 16, 17, 1, 20
632, 16, 17, 1, 20
633, 16, 17, 1, 20
634, 16, 17, 1, 20
635, 16, 17, 1, 20
636, 16, 17, 1, 20
637, 16, 17, 1, 20
638, 16, 17, 1, 20
639, 16, 17, 1, 20
640, 16, 17, 1, 20
641, 16, 17, 1, 20
642, 16, 17, 1, 20
643, 16, 17, 0, 20
644, 16, 17, 0, 20
645, 16, 17, 0, 20
646, 16, 17, 0, 20
647, 16, 17, 0, 20
648, 16, 17, 0, 20
649, 16, 17, 0, 20
650, 16, 17, 0, 20
651, 16, 17, 0, 20
652, 16, 17, 0, 20
653, 16, 17, 0, 20
654, 16, 17, 0, 20
655, 16, 17, 0, 20
656, 16, 17, 0, 20
657, 16, 17, 0, 20
658, 16, 17, 0, 20
659, 16, 17, 0, 20
660, 16, 17, 0, 20
661, 16, 17, 0, 20
662, 16, 17, 0, 20
663, 16, 17, 0, 20
664, 16, 17, 0, 20
665, 16, 17, 0, 20
666, 16, 17, 0, 20
667, 16, 17, 0, 20
668, 16, 17, 0, 20
669, 16, 17, 0, 20
670, 16, 17, 0, 20
671, 16, 17, 0, 20
672, 16, 17, 0, 20
673, 16, 17, 0, 20
674, 16, 17, 0, 20
675, 16, 17, 0, 20
676, 16, 17, 0, 20
677, 16, 17, 0, 20
678, 16, 17, 0, 20
679, 16, 17, 0, 20
680, 16, 17, 0, 20
681, 16, 17, 0, 20
682, 16, 17, 0, 20
683, 16, 17, 0, 20
684, 16, 17, 0, 20
685, 16, 17, 0, 20
686, 16, 17, 0, 20
687, 16, 17, 0, 20
688, 16, 17, 0, 20
689, 16, 17, 0, 20
690, 16, 17, 0, 20
691, 16, 17, 0, 20
692, 16, 17, 0, 20
693, 16, 17, 0, 20
694, 16, 17, 0, 20
695, 16, 17, 0, 20
696, 16, 17, 0, 20
697, 16, 17, 0, 20
698, 16, 17, 0, 20
699, 16, 17, 0, 20
700, 16, 17, 0, 20
701, 16, 17, 0, 20
702, 16, 17, 0, 20
703, 16, 17, 0, 20
704, 16, 17, 0, 20
705, 16, 17, 0, 20
706, 16, 17, 0, 20
707, 16, 17, 0, 20
708, 16, 17, 0, 20
709, 16, 17, 0, 20
710, 16, 17, 0, 20
711, 16, 17, 0, 20
712, 16, 17, 0, 20
713, 16, 17, 0, 20
714, 16, 17, 0, 20
715, 16, 17, 0, 20
716, 16, 17, 0, 20
717, 16, 17, 0, 20
718, 16, 17, 0, 20
719, 16, 17, 0, 20
720, 16, 17, 0, 20
721, 16, 17, 0, 20
722, 16, 17, 0, 20
723, 16, 17, 0, 20
724, 16, 17, 0, 20
725, 16, 17, 0, 20
726, 16, 17, 0, 20
727, 16, 17, 0, 20
728, 16, 17, 0, 20
729, 16, 17, 0, 20
730, 16, 17, 0, 20
731, 16, 17, 0, 20
732, 16, 17, 0, 20
733, 16, 17, 0, 20
734, 16, 17, 0, 20
735, 16, 17, 0, 20
736, 16, 17, 0, 20
737, 16, 17, 0, 20
738, 16, 17, 0, 20
739, 16, 17, 0, 20
740, 16, 17, 0, 20
741, 16, 17, 0, 20
742, 16, 17, 0, 20
743, 16, 17, 0, 20
744, 16, 17, 0, 20
745, 16, 17, 0, 20
746, 16, 17, 0, 20
747, 16, 17, 0, 20
748, 16, 17, 0, 20
749, 16, 17, 0, 20
750, 16, 17, 0, 20
751, 16, 17, 0, 20
752, 16, 17, 0, 20
753, 16, 17, 0, 20
754, 16, 17, 0, 20
755, 16, 17, 0, 20
756, 16, 17, 0, 20
757, 16, 17, 0, 20
758, 16, 17, 0, 20
759, 16, 17, 0, 20
760, 16, 17, 0, 20
761, 16, 17, 0, 20
762, 16, 17, 0, 20
763, 16, 17, 0, 20
764, 16, 17, 0, 20
765, 16, 17, 0, 20
766, 16, 17, 0, 20
767, 16, 17, 0, 20
768, 16, 17, 0, 20
769, 16, 17, 0, 20
770, 16, 17, 0, 20
771, 16, 17, 0, 20
772, 16, 17, 0, 20
773, 16, 17, 0, 20
774, 16, 17, 0, 20
775, 16, 17, 0, 20
776, 16, 17, 0, 20
777, 16, 17, 0, 20
778, 16, 17, 0, 20
779, 16, 17, 0, 20
780, 16, 17, 0, 20
781, 16, 17, 0, 20
782, 16, 17, 0, 20
783, 16, 17, 0, 20
784, 16, 17, 0, 20
785, 16, 17, 0, 20
786, 16, 17, 0, 20
787, 16, 17, 0, 20
788, 16, 17, 0, 20
789, 16, 17, 0, 20
790, 16, 17, 0, 20
791, 16, 17, 0, 20
792, 16, 17, 0, 20
793, 16, 17, 0, 20
794, 16, 17, 0, 20
795, 16, 17, 0, 20
796, 16, 17, 0, 20
797, 16, 17, 0, 20
798, 16, 17, 0, 20
799, 16, 17, 0, 20
800, 16, 17, 0, 20
801, 16, 17, 0, 20
802, 16, 17, 0, 20
803, 16, 17, 0, 20
804, 16, 17, 0, 20
805, 16, 17, 0, 20
806, 16, 17, 0, 20
807, 16, 17, 0, 20
808, 16, 17, 0, 20
809, 16, 17, 0, 20
810, 16, 17, 0, 20
811, 16, 17, 0, 20
812, 16, 17, 0, 20
813, 16, 17, 0, 20
814, 16, 17, 0, 20
815, 16, 17, 0, 20
816, 16, 17, 0, 20
817, 16, 17, 0, 20
818, 16, 17, 0, 20
819, 16, 17, 0, 20
820, 16, 17, 0, 20
821, 16, 17, 0, 20
822, 16, 17, 0, 20
823, 16, 17, 0, 20
824, 16, 17, 0, 20
825, 16, 17, 0, 20
826, 16, 17, 0, 20
827, 16, 17, 0, 20
828, 16, 17, 0, 20
829, 16, 17, 0, 20
830, 16, 17, 0, 20
831, 16, 17, 0, 20
832, 16, 17, 0, 20
833, 16, 17, 0, 20
834, 16, 17, 0, 20
835, 16, 17, 0, 20
836, 16, 17, 0, 20
837, 16, 17, 0, 20
838, 16, 17, 0, 20
839, 16, 17, 0, 20
840, 16, 17, 0, 20
841, 16, 17, 0, 20
842, 16, 17, 0, 20
843, 16, 17, 0, 20
844, 16, 17, 0, 20
845, 16, 17, 0, 20
846, 16, 17, 0, 20
847, 16, 17, 0, 20
848, 16, 17, 0, 20
849, 16, 17, 0, 20
850, 16, 17, 0, 20
851, 16, 17, 0, 20
852, 16, 17, 0, 20
853, 16, 17, 0, 20
854, 16, 17, 0, 20
855, 16, 17, 0, 20
856, 16, 17, 0, 20
857, 16, 17, 0, 20
858, 16, 17, 0, 20
859, 16, 17, 0, 20
860, 16, 17, 0, 20
861, 16, 17, 0, 20
862, 16, 17, 0, 20
863, 16, 17, 0, 20
864, 16, 17, 0, 20
865, 16, 17, 0, 20
866, 16, 17, 0, 20
867, 16, 17, 0, 20
868, 16, 17, 0, 20
869, 16, 17, 0, 20
870, 16, 17, 0, 20
871, 16, 17, 0, 20
872, 16, 17, 0, 20
873, 16, 17, 0, 20
874, 16, 17, 0, 20
875, 16, 17, 0, 20
876, 16, 17, 0, 20
877, 16, 17, 0, 20
878, 16, 17, 0, 20
879, 16, 17, 0, 20
880, 16, 17, 0, 20
881, 16, 17, 0, 20
882, 16, 17, 0, 20
883, 16, 17, 0, 20
884, 16, 17, 0, 20
885, 16, 17, 0, 20
886, 16, 17, 0, 20
887, 16, 17, 0, 20
888, 16, 17, 0, 20
889, 16, 17, 0, 20
890, 16, 17, 0, 20
891, 16, 17, 0, 20
892, 16, 17, 0, 20
893, 16, 17, 0, 20
894, 16, 17, 0, 20
895, 16, 17, 0, 20
896, 16, 17, 0, 20
897, 16, 17, 0, 20
898, 16, 17, 0, 20
899, 16, 17, 0, 20
900, 16, 17, 0, 20
901, 16, 17, 0, 20
902, 16, 17, 0, 20
903, 16, 17, 0, 20
904, 16, 17, 0, 20
905, 16, 17, 0, 20
906, 16, 17, 0, 20
907, 16, 17, 0, 20
908, 16, 17, 0, 20
909, 16, 17, 0, 20
910, 16, 17, 0, 20
911, 16, 17, 0, 20
912, 16, 17, 0, 20
913, 16, 17, 0, 20
914, 16, 17, 0, 20
915, 16, 17, 0, 20
916, 16, 17, 0, 20
917, 16, 17, 0, 20
918, 16, 17, 0, 20
919, 16, 17, 0, 20
920, 16, 17, 0, 20
921, 16, 17, 0, 20
922, 16, 17, 0, 20
923, 16, 17, 0, 20
924, 16, 17, 0, 20
925, 16, 17, 0, 20
926, 16, 17, 0, 20
927, 16, 17, 0, 20
928, 16, 17, 0, 20
929, 16, 17, 0, 20
930, 16, 17, 0, 20
931, 16, 17, 0, 20
932, 16, 17, 0, 20
933, 16, 17, 0, 20
934, 16, 17, 0, 20
935, 16, 17, 0, 20
936, 16, 17, 0, 20
937, 16, 17, 0, 20
938, 16, 17, 0, 20
939, 16, 17, 0, 20
940, 16, 17, 0, 20
941, 16, 17, 0, 20
942, 16, 17, 0, 20
943, 16, 17, 0, 20
944, 16, 17, 0, 20
945, 16, 17, 0, 20
946, 16, 17, 0, 20
947, 16, 17, 0, 20
948, 16, 17, 0, 20
949, 16, 17, 0, 20
950, 16, 17, 0, 20
951, 16, 17, 0, 20
952, 16, 17, 0, 20
953, 16, 17, 0, 20
954, 16, 17, 0, 20
955, 16, 17, 0, 20
956, 16, 17, 0, 20
957, 16, 17, 0, 20
958, 16, 17, 0, 20
959, 16, 17, 0, 20
960, 16, 17, 0, 20
961, 16, 17, 0, 20
962, 16, 17, 0, 20
963, 16, 17, 0, 20
964, 16, 17, 0, 20
965, 16, 17, 0, 20
966, 16, 17, 0, 20
967, 16, 17, 0, 20
968, 16, 17, 0, 20
969, 16, 17, 0, 20
970, 16, 17, 0, 20
971, 16, 17, 0, 20
972, 16, 17, 0, 20
973, 16, 17, 0, 20
974, 16, 17, 0, 20
975, 16, 17, 0, 20
976, 16, 17, 0, 20
977, 16, 17, 0, 20
978, 16, 17, 0, 20
979, 16, 17, 0, 20
980, 16, 17, 0, 20
981, 16, 17, 0, 20
982, 16, 17, 0, 20
983, 16, 17, 0, 20
984, 16, 17, 0, 20
985, 16, 17, 0, 20
986, 16, 17, 0, 20
987, 16, 17, 0, 20
988, 16, 17, 0, 20
989, 16, 17, 0, 20
990, 16, 17, 0, 20
991, 16, 17, 0, 20
992, 16, 17, 0, 20
993, 16, 17, 0, 20
994, 16, 17, 0, 20
995, 16, 17, 0, 20
996, 16, 17, 0, 20
997, 16, 17, 0, 20
998, 16, 17, 0, 20
999, 16, 17, 0, 20
1000, 16, 17, 0, 20
1001, 16, 17, 0, 20
1002, 16, 17, 0, 20
1003, 16, 17, 0, 20
1004, 16, 17, 0, 20
1005, 16, 17, 0, 20
1006, 16, 17, 0, 20
1007, 16, 17, 0, 20
1008, 16, 17, 0, 20
1009, 16, 17, 0, 20
1010, 16, 17, 0, 20
1011, 16, 17, 0, 20
1012, 16, 17, 0, 20
1013, 16, 17, 0, 20
1014, 16, 17, 0, 20
1015, 16, 17, 0, 20
1016, 16, 17, 0, 20
1017, 16, 17, 0, 20
1018, 16, 17, 0, 20
1019, 16, 17, 0, 20
1020, 16, 17, 0, 20
1021, 16, 17, 0, 20
1022, 16, 17, 0, 20
1023, 16, 17, 0, 20
1024, 16, 17, 0, 20
1025, 16, 17, 0, 20
1026, 16, 17, 0, 20
1027, 16, 17, 0, 20
1028, 16, 17, 0, 20
1029, 16, 17, 0, 20
1030, 16, 17, 0, 20
1031, 16, 17, 0, 20
1032, 16, 17, 0, 20
1033, 16, 17, 0, 20
1034, 16, 17, 0, 20
1035, 16, 17, 0, 20
1036, 16, 17, 0, 20
1037, 16, 17, 0, 20
1038, 16, 17, 0, 20
1039, 16, 17, 0, 20
1040, 16, 17, 0, 20
1041, 16, 17, 0, 20
1042, 16, 17, 0, 20
1043, 16, 17, 0, 20
1044, 16, 17, 0, 20
1045, 16, 17, 0, 20
1046, 16, 17, 0, 20
1047, 16, 17, 0, 20
1048, 16, 17, 0, 20
1049, 16, 17, 0, 20
1050, 16, 17, 0, 20
1051, 16, 17, 0, 20
1052, 16, 17, 0, 20
1053, 16, 17, 0, 20
1054, 16, 17, 0, 20
1055, 16, 17, 0, 20
1056, 16, 17, 0, 20
1057, 16, 17, 0, 20
1058, 16, 17, 0, 20
1059, 16, 17, 0, 20
1060, 16, 17, 0, 20
1061, 16, 17, 0, 20
1062, 16, 17, 0, 20
1063, 16, 17, 0, 20
1064, 16, 17, 0, 20
1065, 16, 17, 0, 20
1066, 16, 17, 0, 20
1067, 16, 17, 0, 20
1068, 16, 17, 0, 20
1069, 16, 17, 0, 20
1070, 16, 17, 0, 20
1071, 16, 17, 0, 20
1072, 16, 17, 0, 20
1073, 16, 17, 0, 20
1074, 16, 17, 0, 20
1075, 16, 17, 0, 20
1076, 16, 17, 0, 20
1077, 16, 17, 0, 20
1078, 16, 17, 0, 20
1079, 16, 17, 0, 20
1080, 16, 17, 0, 20
1081, 16, 17, 0, 20
1082, 16, 17, 0, 20
1083, 16, 17, 0, 20
1084, 16, 17, 0, 20
1085, 16, 17, 0, 20
1086, 16, 17, 0, 20
1087, 16, 17, 0, 20
1088, 16, 17, 0, 20
1089, 16, 17, 0, 20
1090, 16, 17, 0, 20
1091, 16, 17, 0, 20
1092, 16, 17, 0, 20
1093, 16, 17, 0, 20
1094, 16, 17, 0, 20
1095, 16, 17, 0, 20
1096, 16, 17, 0, 20
1097, 16, 17, 0, 20
1098, 16, 17, 0, 20
1099, 16, 17, 0, 20
1100, 16, 17, 0, 20
1101, 16, 17, 0, 20
1102, 16, 17, 0, 20
1103, 16, 17, 0, 20
1104, 16, 17, 0, 20
1105, 16, 17, 0, 20
1106, 16, 17, 0, 20
1107, 16, 17, 0, 20
1108, 16, 17, 0, 20
1109, 16, 17, 0, 20
1110, 16, 17, 0, 20
1111, 16, 17, 0, 20
1112, 16, 17, 0, 20
1113, 16, 17, 0, 20
1114, 16, 17, 0, 20
1115, 16, 17, 0, 20
1116, 16, 17, 0, 20
1117, 16, 17, 0, 20
1118, 16, 17, 0, 20
1119, 16, 17, 0, 20
1120, 16, 17, 0, 20
1121, 16, 17, 0, 20
1122, 16, 17, 0, 20
1123, 16, 17, 0, 20
1124, 16, 17, 0, 20
1125, 16, 17, 0, 20
1126, 16, 17, 0, 20
1127, 16, 17, 0, 20
1128, 16, 17, 0, 20
1129, 16, 17, 0, 20
1130, 16, 17, 0, 20
1131, 16, 17, 0, 20
1132, 16, 17, 0, 20
1133, 16, 17, 0, 20
1134, 16, 17, 0, 20
1135, 16, 17, 0, 20
1136, 16, 17, 0, 20
1137, 16, 17, 0, 20
1138, 16, 17, 0, 20
1139, 16, 17, 0, 20
1140, 16, 17, 0, 20
1141, 16, 17, 0, 20
1142, 16, 17, 0, 20
1143, 16, 17, 0, 20
1144, 16, 17, 0, 20
1145, 16, 17, 0, 20
1146, 16, 17, 0, 20
1147, 16, 17, 0, 20
1148, 16, 17, 0, 20
1149, 16, 17, 0, 20
1150, 16, 17, 0, 20
1151, 16, 17, 0, 20
1152, 16, 17, 0, 20
1153, 16, 17, 0, 20
1154, 16, 17, 0, 20
1155, 16, 17, 0, 20
1156, 16, 17, 0, 20
1157, 16, 17, 0, 20
1158, 16, 17, 0, 20
1159, 16, 17, 0, 20
1160, 16, 17, 0, 20
1161, 16, 17, 0, 20
1162, 16, 17, 0, 20
1163, 16, 17, 0, 20
1164, 16, 17, 0, 20
1165, 16, 17, 0, 20
1166, 16, 17, 0, 20
1167, 16, 17, 0, 20
1168, 16, 17, 0, 20
1169, 16, 17, 0, 20
1170, 16, 17, 0, 20
1171, 16, 17, 0, 20
1172, 16, 17, 0, 20
1173, 16, 17, 0, 20
1174, 16, 17, 0, 20
1175, 16, 17, 0, 20
1176, 16, 17, 0, 20
1177, 16, 17, 0, 20
1178, 16, 17, 0, 20
1179, 16, 17, 0, 20
1180, 16, 17, 0, 20
1181, 16, 17, 0, 20
1182, 16, 17, 0, 20
1183, 16, 17, 0, 20
1184, 16, 17, 0, 20
1185, 16, 17, 0, 20
1186, 16, 17, 0, 20
1187, 16, 17, 0, 20
1188, 16, 17, 0, 20
1189, 16, 17, 0, 20
1190, 16, 17, 0, 20
1191, 16, 17, 0, 20
1192, 16, 17, 0, 20
1193, 16, 17, 0, 20
1194, 16, 17, 0, 20
1195, 16, 17, 0, 20
1196, 16, 17, 0, 20
1197, 16, 17, 0, 20
1198, 16, 17, 0, 20
1199, 16, 17, 0, 20
1200, 16, 17, 0, 20
1201, 16, 17, 0, 20
1202, 16, 17, 0, 20
1203, 16, 17, 0, 20
1204, 16, 17, 0, 20
1205, 16, 17, 0, 20
1206, 16, 17, 0, 20
1207, 16, 17, 0, 20
1208, 16, 17, 0, 20
1209, 16, 17, 0, 20
1210, 16, 17, 0, 20
1211, 16, 17, 0, 20
1212, 16, 17, 0, 20
1213, 16, 17, 0, 20
1214, 16, 17, 0, 20
1215, 16, 17, 0, 20
1216, 16, 17, 0, 20
1217, 16, 17, 0, 20
1218, 16, 17, 0, 20
1219, 16, 17, 0, 20
1220, 16, 17, 0, 20
1221, 16, 17, 0, 20
1222, 16, 17, 0, 20
1223, 16, 17, 0, 20
1224, 16, 17, 0, 20
1225, 16, 17, 0, 20
1226, 16, 17, 0, 20
1227, 16, 17, 0, 20
1228, 16, 17, 0, 20
1229, 16, 17, 0, 20
1230, 16, 17, 0, 20
1231, 16, 17, 0, 20
1232, 16, 17, 0, 20
1233, 16, 17, 0, 20
1234, 16, 17, 0, 20
1235, 16, 17, 0, 20
1236, 16, 17, 0, 20
1237, 16, 17, 0, 20
1238, 16, 17, 0, 20
1239, 16, 17, 0, 20
1240, 16, 17, 0, 20
1241, 16, 17, 0, 20
1242, 16, 17, 0, 20
1243, 16, 17, 0, 20
1244, 16, 17, 0, 20
1245, 16, 17, 0, 20
1246, 16, 17, 0, 20
1247, 16, 17, 0, 20
1248, 16, 17, 0, 20
1249, 16, 17, 0, 20
1250, 16, 17, 0, 20
1251, 16, 17, 0, 20
1252, 16, 17, 0, 20
1253, 16, 17, 0, 20
1254, 16, 17, 0, 20
1255, 16, 17, 0, 20
1256, 16, 17, 0, 20
1257, 16, 17, 0, 20
1258, 16, 17, 0, 20
1259, 16, 17, 0, 20
1260, 16, 17, 0, 20
1261, 16, 17, 0, 20
1262, 16, 17, 0, 20
1263, 16, 17, 0, 20
1264, 16, 17, 0, 20
1265, 16, 17, 0, 20
1266, 16, 17, 0, 20
1267, 16, 17, 0, 20
1268, 16, 17, 0, 20
1269, 16, 17, 0, 20
1270, 16, 17, 0, 20
1271, 16, 17, 0, 20
1272, 16, 17, 0, 20
1273, 16, 17, 0, 20
1274, 16, 17, 0, 20
1275, 16, 17, 0, 20
1276, 16, 17, 0, 20
1277, 16, 17, 0, 20
1278, 16, 17, 0, 20
1279, 16, 17, 0, 20
1280, 16, 17, 0, 20
1281, 16, 17, 0, 20
1282, 16, 17, 0, 20
1283, 16, 17, 0, 20
1284, 16, 17, 0, 20
1285, 16, 17, 0, 20
1286, 16, 17, 0, 20
1287, 16, 17, 0, 20
1288, 16, 17, 0, 20
1289, 16, 17, 0, 20
1290, 16, 17, 0, 20
1291, 16, 17, 0, 20
1292, 16, 17, 0, 20
1293, 16, 17, 0, 20
1294, 16, 17, 0, 20
1295, 16, 17, 0, 20
1296, 16, 17, 0, 20
1297, 16, 17, 0, 20
1298, 16, 17, 0, 20
1299, 16, 17, 0, 20
1300, 16, 17, 0, 20
1301, 16, 17, 0, 20
1302, 16, 17, 0, 20
1303, 16, 17, 0, 20
1304, 16, 17, 0, 20
1305, 16, 17, 0, 20
1306, 16, 17, 0, 20
1307, 16, 17, 0, 20
1308, 16, 17, 0, 20
1309, 16, 17, 0, 20
1310, 16, 17, 0, 20
1311, 16, 17, 0, 20
1312, 16, 17, 0, 20
1313, 16, 17, 0, 20
1314, 16, 17, 0, 20
1315, 16, 17, 0, 20
1316, 16, 17, 0, 20
1317, 16, 17, 0, 20
1318, 16, 17, 0, 20
1319, 16, 17, 0, 20
1320, 16, 17, 0, 20
1321, 16, 17, 0, 20
1322, 16, 17, 0, 20
1323, 16, 17, 0, 20
1324, 16, 17, 0, 20
1325, 16, 17, 0, 20
1326, 16, 17, 0, 20
1327, 16, 17, 0, 20
1328, 16, 17, 0, 20
1329, 16, 17, 0, 20
1330, 16, 17, 0, 20
1331, 16, 17, 0, 20
1332, 16, 17, 0, 20
1333, 16, 17, 0, 20
1334, 16, 17, 0, 20
1335, 16, 17, 0, 20
1336, 16, 17, 0, 20
1337, 16, 17, 0, 20
1338, 16, 17, 0, 20
1339, 16, 17, 0, 20
1340, 16, 17, 0, 20
1341, 16, 17, 0, 20
1342, 16, 17, 0, 20
1343, 16, 17, 0, 20
1344, 16, 17, 0, 20
1345, 16, 17, 0, 20
1346, 16, 17, 0, 20
1347, 16, 17, 0, 20
1348, 16, 17, 0, 20
1349, 16, 17, 0, 20
1350, 16, 17, 0, 20
1351, 16, 17, 0, 20
1352, 16, 17, 0, 20
1353, 16, 17, 0, 20
1354, 16, 17, 0, 20
1355, 16, 17, 0, 20
1356, 16, 17, 0, 20
1357, 16, 17, 0, 20
1358, 16, 17, 0, 20
1359, 16, 17, 0, 20
1360, 16, 17, 0, 20
1361, 16, 17, 0, 20
1362, 16, 17, 0, 20
1363, 16, 17, 0, 20
1364, 16, 17, 0, 20
1365, 16, 17, 0, 20
1366, 16, 17, 0, 20
1367, 16, 17, 0, 20
1368, 16, 17, 0, 20
1369, 16, 17, 0, 20
1370, 16, 17, 0, 20
1371, 16, 17, 0, 20
1372, 16, 17, 0, 20
1373, 16, 17, 0, 20
1374, 16, 17, 0, 20
1375, 16, 17, 0, 20
1376, 16, 17, 0, 20
1377, 16, 17, 0, 20
1378, 16, 17, 0, 20
1379, 16, 17, 0, 20
1380, 16, 17, 0, 20
1381, 16, 17, 0, 20
1382, 16, 17, 0, 20
1383, 16, 17, 0, 20
1384, 16, 17, 0, 20
1385, 16, 17, 0, 20
1386, 16, 17, 0, 20
1387, 16, 17, 0, 20
1388, 16, 17, 0, 20
1389, 16, 17, 0, 20
1390, 16, 17, 0, 20
1391, 16, 17, 0, 20
1392, 16, 17, 0, 20
1393, 16, 17, 0, 20
1394, 16, 17, 0, 20
1395, 16, 17, 0, 20
1396, 16, 17, 0, 20
1397, 16, 17, 0, 20
1398, 16, 17, 0, 20
1399, 16, 17, 0, 20
1400, 16, 17, 0, 20
1401, 16, 17, 0, 20
1402, 16, 17, 0, 20
1403, 16, 17, 0, 20
1404, 16, 17, 0, 20
1405, 16, 17, 0, 20
1406, 16, 17, 0, 20
1407, 16, 17, 0, 20
1408, 16, 17, 0, 20
1409, 16, 17, 0, 20
1410, 16, 17, 0, 20
1411, 16, 17, 0, 20
1412, 16, 17, 0, 20
1413, 16, 17, 0, 20
1414, 16, 17, 0, 20
1415, 16, 17, 0, 20
1416, 16, 17, 0, 20
1417, 16, 17, 0, 20
1418, 16, 17, 0, 20
1419, 16, 17, 0, 20
1420, 16, 17, 0, 20
1421, 16, 17, 0, 20
1422, 16, 17, 0, 20
1423, 16, 17, 0, 20
1424, 16, 17, 0, 20
1425, 16, 17, 0, 20
1426, 16, 17, 0, 20
1427, 16, 17, 0, 20
1428, 16, 17, 0, 20
1429, 16, 17, 0, 20
1430, 16, 17, 0, 20
1431, 16, 17, 0, 20
1432, 16, 17, 0, 20
1433, 16, 17, 0, 20
1434, 16, 17, 0, 20
1435, 16, 17, 0, 20
1436, 16, 17, 0, 20
1437, 16, 17, 0, 20
1438, 16, 17, 0, 20
1439, 16, 17, 0, 20
1440, 16, 17, 0, 20
1441, 16, 17, 0, 20
1442, 16, 17, 0, 20
1443, 16, 17, 0, 20
1444, 16, 17, 0, 20
1445, 16, 17, 0, 20
1446, 16, 17, 0, 20
1447, 16, 17, 0, 20
1448, 16, 17, 0, 20
1449, 16, 17, 0, 20
1450, 16, 17, 0, 20
1451, 16, 17, 0, 20
1452, 16, 17, 0, 20
1453, 16, 17, 0, 20
1454, 16, 17, 0, 20
1455, 16, 17, 0, 20
1456, 16, 17, 0, 20
1457, 16, 17, 0, 20
1458, 16, 17, 0, 20
1459, 16, 17, 0, 20
1460, 16, 17, 0, 20
1461, 16, 17, 0, 20
1462, 16, 17, 0, 20
1463, 16, 17, 0, 20
1464, 16, 17, 0, 20
1465, 16, 17, 0, 20
1466, 16, 17, 0, 20
1467, 16, 17, 0, 20
1468, 16, 17, 0, 20
1469, 16, 17, 0, 20
1470, 16, 17, 0, 20
1471, 16, 17, 0, 20
1472, 16, 17, 0, 20
1473, 16, 17, 0, 20
1474, 16, 17, 0, 20
1475, 16, 17, 0, 20
1476, 16, 17, 0, 20
1477, 16, 17, 0, 20
1478, 16, 17, 0, 20
1479, 16, 17, 0, 20
1480, 16, 17, 0, 20
1481, 16, 17, 0, 20
1482, 16, 17, 0, 20
1483, 16, 17, 0, 20
1484, 16, 17, 0, 20
1485, 16, 17, 0, 20
1486, 16, 17, 0, 20
1487, 16, 17, 0, 20
1488, 16, 17, 0, 20
1489, 16, 17, 0, 20
1490, 16, 17, 0, 20
1491, 16, 17, 0, 20
1492, 16, 17, 0, 20
1493, 16, 17, 0, 20
1494, 16, 17, 0, 20
1495, 16, 17, 0, 20
1496, 16, 17, 0, 20
1497, 16, 17, 0, 20
1498, 16, 17, 0, 20
1499, 16, 17, 0, 20
1500, 16, 17, 0, 20
1501, 16, 17, 0, 20
1502, 16, 17, 0, 20
1503, 16, 17, 0, 20
1504, 16, 17, 0, 20
1505, 16, 17, 0, 20
1506, 16, 17, 0, 20
1507, 16, 17, 0, 20
1508, 16, 17, 0, 20
1509, 16, 17, 0, 20
1510, 16, 17, 0, 20
1511, 16, 17, 0, 20
1512, 16, 17, 0, 20
1513, 16, 17, 0, 20
1514, 16, 17, 0, 20
1515, 16, 17, 0, 20
1516, 16, 17, 0, 20
1517, 16, 17, 0, 20
1518, 16, 17, 0, 20
1519, 16, 17, 0, 20
1520, 16, 17, 0, 20
1521, 16, 17, 0, 20
1522, 16, 17, 0, 20
1523, 16, 17, 0, 20
1524, 16, 17, 0, 20
1525, 16, 17, 0, 20
1526, 16, 17, 0, 20
1527, 16, 17, 0, 20
1528, 16, 17, 0, 20
1529, 16, 17, 0, 20
1530, 16, 17, 0, 20
1531, 16, 17, 0, 20
1532, 16, 17, 0, 20
1533, 16, 17, 0, 20
1534, 16, 17, 0, 20
1535, 16, 17, 0, 20
1536, 16, 17, 0, 20
1537, 16, 17, 0, 20
1538, 16, 17, 0, 20
1539, 16, 17, 0, 20
1540, 16, 17, 0, 20
1541, 16, 17, 0, 20
1542, 16, 17, 0, 20
1543, 16, 17, 0, 20
1544, 16, 17, 0, 20
1545, 16, 17, 0, 20
1546, 16, 17, 0, 20
1547, 16, 17, 0, 20
1548, 16, 17, 0, 20
1549, 16, 17, 0, 20
1550, 16, 17, 0, 20
1551, 16, 17, 0, 20
1552, 16, 17, 0, 20
1553, 16, 17, 0, 20
1554, 16, 17, 0, 20
1555, 16, 17, 0, 20
1556, 16, 17, 0, 20
1557, 16, 17, 0, 20
1558, 16, 17, 0, 20
1559, 16, 17, 0, 20
1560, 16, 17, 0, 20
1561, 16, 17, 0, 20
1562, 16, 17, 0, 20
1563, 16, 17, 0, 20
1564, 16, 17, 0, 20
1565, 16, 17, 0, 20
1566, 16, 17, 0, 20
1567, 16, 17, 0, 20
1568, 16, 17, 0, 20
1569, 16, 17, 0, 20
1570, 16, 17, 0, 20
1571, 16, 17, 0, 20
1572, 16, 17, 0, 20
1573, 16, 17, 0, 20
1574, 16, 17, 0, 20
1575, 16, 17, 0, 20
1576, 16, 17, 0, 20
1577, 16, 17, 0, 20
1578, 16, 17, 0, 20
1579, 16, 17, 0, 20
1580, 16, 17, 0, 20
1581, 16, 17, 0, 20
1582, 16, 17, 0, 20
1583, 16, 17, 0, 20
1584, 16, 17, 0, 20
1585, 16, 17, 0, 20
1586, 16, 17, 0, 20
1587, 16, 17, 0, 20
1588, 16, 17, 0, 20
1589, 16, 17, 0, 20
1590, 16, 17, 0, 20
1591, 16, 17, 0, 20
1592, 16, 17, 0, 20
1593, 16, 17, 0, 20
1594, 16, 17, 0, 20
1595, 16, 17, 0, 20
1596, 16, 17, 0, 20
1597, 16, 17, 0, 20
1598, 16, 17, 0, 20
1599, 16, 17, 0, 20
1600, 16, 17, 0, 20
1601, 16, 17, 0, 20
1602, 16, 17, 0, 20
1603, 16, 17, 0, 20
1604, 16, 17, 0, 20
1605, 16, 17, 0, 20
1606, 16, 17, 0, 20
1607, 16, 17, 0, 20
1608, 16, 17, 0, 20
1609, 16, 17, 0, 20
1610, 16, 17, 0, 20
1611, 16, 17, 0, 20
1612, 16, 17, 0, 20
1613, 16, 17, 0, 20
1614, 16, 17, 0, 20
1615, 16, 17, 0, 20
1616, 16, 17, 0, 20
1617, 16, 17, 0, 20
1618, 16, 17, 0, 20
1619, 16, 17, 0, 20
1620, 16, 17, 0, 20
1621, 16, 17, 0, 20
1622, 16, 17, 0, 20
1623, 16, 17, 0, 20
1624, 16, 17, 0, 20
1625, 16, 17, 0, 20
1626, 16, 17, 0, 20
1627, 16, 17, 0, 20
1628, 16, 17, 0, 20
1629, 16, 17, 0, 20
1630, 16, 17, 0, 20
1631, 16, 17, 0, 20
1632, 16, 17, 0, 20
1633, 16, 17, 0, 20
1634, 16, 17, 0, 20
1635, 16, 17, 0, 20
1636, 16, 17, 0, 20
1637, 16, 17, 0, 20
1638, 16, 17, 0, 20
1639, 16, 17, 0, 20
1640, 16, 17, 0, 20
1641, 16, 17, 0, 20
1642, 16, 17, 0, 20
1643, 16, 17, 0, 20
1644, 16, 17, 0, 20
1645, 16, 17, 0, 20
1646, 16, 17, 0, 20
1647, 16, 17, 0, 20
1648, 16, 17, 0, 20
1649, 16, 17, 0, 20
1650, 16, 17, 0, 20
1651, 16, 17, 0, 20
1652, 16, 17, 0, 20
1653, 16, 17, 0, 20
1654, 16, 17, 0, 20
1655, 16, 17, 0, 20
1656, 16, 17, 0, 20
1657, 16, 17, 0, 20
1658, 16, 17, 0, 20
1659, 16, 17, 0, 20
1660, 16, 17, 0, 20
1661, 16, 17, 0, 20
1662, 16, 17, 0, 20
1663, 16, 17, 0, 20
1664, 16, 17, 0, 20
1665, 16, 17, 0, 20
1666, 16, 17, 0, 20
1667, 16, 17, 0, 20
1668, 16, 17, 0, 20
1669, 16, 17, 0, 20
1670, 16, 17, 0, 20
1671, 16, 17, 0, 20
1672, 16, 17, 0, 20
1673, 16, 17, 0, 20
1674, 16, 17, 0, 20
1675, 16, 17, 0, 20
1676, 16, 17, 0, 20
1677, 16, 17, 0, 20
1678, 16, 17, 0, 20
1679, 16, 17, 0, 20
1680, 16, 17, 0, 20
1681, 16, 17, 0, 20
1682, 16, 17, 0, 20
1683, 16, 17, 0, 20
1684, 16, 17, 0, 20
1685, 16, 17, 0, 20
1686, 16, 17, 0, 20
1687, 16, 17, 0, 20
1688, 16, 17, 0, 20
1689, 16, 17, 0, 20
1690, 16, 17, 0, 20
1691, 16, 17, 0, 20
1692, 16, 17, 0, 20
1693, 16, 17, 0, 20
1694, 16, 17, 0, 20
1695, 16, 17, 0, 20
1696, 16, 17, 0, 20
1697, 16, 17, 0, 20
1698, 16, 17, 0, 20
1699, 16, 17, 0, 20
1700, 16, 17, 0, 20
1701, 16, 17, 0, 20
1702, 16, 17, 0, 20
1703, 16, 17, 0, 20
1704, 16, 17, 0, 20
1705, 16, 17, 0, 20
1706, 16, 17, 0, 20
1707, 16, 17, 0, 20
1708, 16, 17, 0, 20
1709, 16, 17, 0, 20
1710, 16, 17, 0, 20
1711, 16, 17, 0, 20
1712, 16, 17, 0, 20
1713, 16, 17, 0, 20
1714, 16, 17, 0, 20
1715, 16, 17, 0, 20
1716, 16, 17, 0, 20
1717, 16, 17, 0, 20
1718, 16, 17, 0, 20
1719, 16, 17, 0, 20
1720, 16, 17, 0, 20
1721, 16, 17, 0, 20
1722, 16, 17, 0, 20
1723, 16, 17, 0, 20
1724, 16, 17, 0, 20
1725, 16, 17, 0, 20
1726, 16, 17, 0, 20
1727, 16, 17, 0, 20
1728, 16, 17, 0, 20
1729, 16, 17, 0, 20
1730, 16, 17, 0, 20
1731, 16, 17, 0, 20
1732, 16, 17, 0, 20
1733, 16, 17, 0, 20
1734, 16, 17, 0, 20
1735, 16, 17, 0, 20
1736, 16, 17, 0, 20
1737, 16, 17, 0, 20
1738, 16, 17, 0, 20
1739, 16, 17, 0, 20
1740, 16, 17, 0, 20
1741, 16, 17, 0, 20
1742, 16, 17, 0, 20
1743, 16, 17, 0, 20
1744, 16, 17, 0, 20
1745, 16, 17, 0, 20
1746, 16, 17, 0, 20
1747, 16, 17, 0, 20
1748, 16, 17, 0, 20
1749, 16, 17, 0, 20
1750, 16, 17, 0, 20
1751, 16, 17, 0, 20
1752, 16, 17, 0, 20
1753, 16, 17, 0, 20
1754, 16, 17, 0, 20
1755, 16, 17, 0, 20
1756, 16, 17, 0, 20
1757, 16, 17, 0, 20
1758, 16, 17, 0, 20
1759, 16, 17, 0, 20
1760, 16, 17, 0, 20
1761, 16, 17, 0, 20
1762, 16, 17, 0, 20
1763, 16, 17, 0, 20
1764, 16, 17, 0, 20
1765, 16, 17, 0, 20
1766, 16, 17, 0, 20
1767, 16, 17, 0, 20
1768, 16, 17, 0, 20
1769, 16, 17, 0, 20
1770, 16, 17, 0, 20
1771, 16, 17, 0, 20
1772, 16, 17, 0, 20
1773, 16, 17, 0, 20
1774, 16, 17, 0, 20
1775, 16, 17, 0, 20
1776, 16, 17, 0, 20
1777, 16, 17, 0, 20
1778, 16, 17, 0, 20
1779, 16, 17, 0, 20
1780, 16, 17, 0, 20
1781, 16, 17, 0, 20
1782, 16, 17, 0, 20
1783, 16, 17, 0, 20
1784, 16, 17, 0, 20
1785, 16, 17, 0, 20
1786, 16, 17, 0, 20
1787, 16, 17, 0, 20
1788, 16, 17, 0, 20
1789, 16, 17, 0, 20
1790, 16, 17, 0, 20
1791, 16, 17, 0, 20
1792, 16, 17, 0, 20
1793, 16, 17, 0, 20
1794, 16, 17, 0, 20
1795, 16, 17, 0, 20
1796, 16, 17, 0, 20
1797, 16, 17, 0, 20
1798, 16, 17, 0, 20
1799, 16, 17, 0, 20
1800, 16, 17, 0, 20
1801, 16, 17, 0, 20
1802, 16, 17, 0, 20
1803, 16, 17, 0, 20
1804, 16, 17, 0, 20
1805, 16, 17, 0, 20
1806, 16, 17, 0, 20
1807, 16, 17, 0, 20
1808, 16, 17, 0, 20
1809, 16, 17, 0, 20
1810, 16, 17, 0, 20
1811, 16, 17, 0, 20
1812, 16, 17, 0, 20
1813, 16, 17, 0, 20
1814, 16, 17, 0, 20
1815, 16, 17, 0, 20
1816, 16, 17, 0, 20
1817, 16, 17, 0, 20
1818, 16, 17, 0, 20
1819, 16, 17, 0, 20
1820, 16, 17, 0, 20
1821, 16, 17, 0, 20
1822, 16, 17, 0, 20
1823, 16, 17, 0, 20
1824, 16, 17, 0, 20
1825, 16, 17, 0, 20
1826, 16, 17, 0, 20
1827, 16, 17, 0, 20
1828, 16, 17, 0, 20
1829, 16, 17, 0, 20
1830, 16, 17, 0, 20
1831, 16, 17, 0, 20
1832, 16, 17, 0, 20
1833, 16, 17, 0, 20
1834, 16, 17, 0, 20
1835, 16, 17, 0, 20
1836, 16, 17, 0, 20
1837, 16, 17, 0, 20
1838, 16, 17, 0, 20
1839, 16, 17, 0, 20
1840, 16, 17, 0, 20
1841, 16, 17, 0, 20
1842, 16, 17, 0, 20
1843, 16, 17, 0, 20
1844, 16, 17, 0, 20
1845, 16, 17, 0, 20
1846, 16, 17, 0, 20
1847, 16, 17, 0, 20
1848, 16, 17, 0, 20
1849, 16, 17, 0, 20
1850, 16, 17, 0, 20
1851, 16, 17, 0, 20
1852, 16, 17, 0, 20
1853, 16, 17, 0, 20
1854, 16, 17, 0, 20
1855, 16, 17, 0, 20
1856, 16, 17, 0, 20
1857, 16, 17, 0, 20
1858, 16, 17, 0, 20
1859, 16, 17, 0, 20
1860, 16, 17, 0, 20
1861, 16, 17, 0, 20
1862, 16, 17, 0, 20
1863, 16, 17, 0, 20
1864, 16, 17, 0, 20
1865, 16, 17, 0, 20
1866, 16, 17, 0, 20
1867, 16, 17, 0, 20
1868, 16, 17, 0, 20
1869, 16, 17, 0, 20
1870, 16, 17, 0, 20
1871, 16, 17, 0, 20
1872, 16, 17, 0, 20
1873, 16, 17, 0, 20
1874, 16, 17, 0, 20
1875, 16, 17, 0, 20
1876, 16, 17, 0, 20
1877, 16, 17, 0, 20
1878, 16, 17, 0, 20
1879, 16, 17, 0, 20
1880, 16, 17, 0, 20
1881, 16, 17, 0, 20
1882, 16, 17, 0, 20
1883, 16, 17, 0, 20
1884, 16, 17, 0, 20
1885, 16, 17, 0, 20
1886, 16, 17, 0, 20
1887, 16, 17, 0, 20
1888, 16, 17, 0, 20
1889, 16, 17, 0, 20
1890, 16, 17, 0, 20
1891, 16, 17, 0, 20
1892, 16, 17, 0, 20
1893, 16, 17, 0, 20
1894, 16, 17, 0, 20
1895, 16, 17, 0, 20
1896, 16, 17, 0, 20
1897, 16, 17, 0, 20
1898, 16, 17, 0, 20
1899, 16, 17, 0, 20
1900, 16, 17, 0, 20
1901, 16, 17, 0, 20
1902, 16, 17, 0, 20
1903, 16, 17, 0, 20
1904, 16, 17, 0, 20
1905, 16, 17, 0, 20
1906, 16, 17, 0, 20
1907, 16, 17, 0, 20
1908, 16, 17, 0, 20
1909, 16, 17, 0, 20
1910, 16, 17, 0, 20
1911, 16, 17, 0, 20
1912, 16, 17, 0, 20
1913, 16, 17, 0, 20
1914, 16, 17, 0, 20
1915, 16, 17, 0, 20
1916, 16, 17, 0, 20
1917, 16, 17, 0, 20
1918, 16, 17, 0, 20
1919, 16, 17, 0, 20
1920, 16, 17, 0, 20
1921, 16, 17, 0, 20
1922, 16, 17, 0, 20
1923, 16, 17, 0, 20
1924, 16, 17, 0, 20
1925, 16, 17, 0, 20
1926, 16, 17, 0, 20
1927, 16, 17, 0, 20
1928, 16, 17, 0, 20
1929, 16, 17, 0, 20
1930, 16, 17, 0, 20
1931, 16, 17, 0, 20
1932, 16, 17, 0, 20
1933, 16, 17, 0, 20
1934, 16, 17, 0, 20
1935, 16, 17, 0, 20
1936, 16, 17, 0, 20
1937, 16, 17, 0, 20
1938, 16, 17, 0, 20
1939, 16, 17, 0, 20
1940, 16, 17, 0, 20
1941, 16, 17, 0, 20
1942, 16, 17, 0, 20
1943, 16, 17, 0, 20
1944, 16, 17, 0, 20
1945, 16, 17, 0, 20
1946, 16, 17, 0, 20
1947, 16, 17, 0, 20
1948, 16, 17, 0, 20
1949, 16, 17, 0, 20
1950, 16, 17, 0, 20
1951, 16, 17, 0, 20
1952, 16, 17, 0, 20
1953, 16, 17, 0, 20
1954, 16, 17, 0, 20
1955, 16, 17, 0, 20
1956, 16, 17, 0, 20
1957, 16, 17, 0, 20
1958, 16, 17, 0, 20
1959, 16, 17, 0, 20
1960, 16, 17, 0, 20
1961, 16, 17, 0, 20
1962, 16, 17, 0, 20
1963, 16, 17, 0, 20
1964, 16, 17, 0, 20
1965, 16, 17, 0, 20
1966, 16, 17, 0, 20
1967, 16, 17, 0, 20
1968, 16, 17, 0, 20
1969, 16, 17, 0, 20
1970, 16, 17, 0, 20
1971, 16, 17, 0, 20
1972, 16, 17, 0, 20
1973, 16, 17, 0, 20
1974, 16, 17, 0, 20
1975, 16, 17, 0, 20
1976, 16, 17, 0, 20
1977, 16, 17, 0, 20
1978, 16, 17, 0, 20
1979, 16, 17, 0, 20
1980, 16, 17, 0, 20
1981, 16, 17, 0, 20
1982, 16, 17, 0, 20
1983, 16, 17, 0, 20
1984, 16, 17, 0, 20
1985, 16, 17, 0, 20
1986, 16, 17, 0, 20
1987, 16, 17, 0, 20
1988, 16, 17, 0, 20
1989, 16, 17, 0, 20
1990, 16, 17, 0, 20
1991, 16, 17, 0, 20
1992, 16, 17, 0, 20
1993, 16, 17, 0, 20
1994, 16, 17, 0, 20
1995, 16, 17, 0, 20
1996, 16, 17, 0, 20
1997, 16, 17, 0, 20
1998, 16, 17, 0, 20
1999, 16, 17, 0, 20
2000, 16, 17, 0, 20
2001, 16, 17, 0, 20
2002, 16, 17, 0, 20
2003, 16, 17, 0, 20
2004, 16, 17, 0, 20
2005, 16, 17, 0, 20
2006, 16, 17, 0, 20
2007, 16, 17, 0, 20
2008, 16, 17, 0, 20
2009, 16, 17, 0, 20
2010, 16, 17, 0, 20
2011, 16, 17, 0, 20
2012, 16, 17, 0, 20
2013, 16, 17, 0, 20
2014, 16, 17, 0, 20
2015, 16, 17, 0, 20
2016, 16, 17, 0, 20
2017, 16, 17, 0, 20
2018, 16, 17, 0, 20
2019, 16, 17, 0, 20
2020, 16, 17, 0, 20
2021, 16, 17, 0, 20
2022, 16, 17, 0, 20
2023, 16, 17, 0, 20
2024, 16, 17, 0, 20
2025, 16, 17, 0, 20
2026, 16, 17, 0, 20
2027, 16, 17, 0, 20
2028, 16, 17, 0, 20
2029, 16, 17, 0, 20
2030, 16, 17, 0, 20
2031, 16, 17, 0, 20
2032, 16, 17, 0, 20
2033, 16, 17, 0, 20
2034, 16, 17, 0, 20
2035, 16, 17, 0, 20
2036, 16, 17, 0, 20
2037, 16, 17, 0, 20
2038, 16, 17, 0, 20
2039, 16, 17, 0, 20
2040, 16, 17, 0, 20
2041, 16, 17, 0, 20
2042, 16, 17, 0, 20
2043, 16, 17, 0, 20
2044, 16, 17, 0, 20
2045, 16, 17, 0, 20
2046, 16, 17, 0, 20
2047, 16, 17, 0, 20
2048, 16, 17, 0, 20
2049, 16, 17, 0, 20
2050, 16, 17, 0, 20
2051, 16, 17, 0, 20
2052, 16, 17, 0, 20
2053, 16, 17, 0, 20
2054, 16, 17, 0, 20
2055, 16, 17, 0, 20
2056, 16, 17, 0, 20
2057, 16, 17, 0, 20
2058, 16, 17, 0, 20
2059, 16, 17, 0, 20
2060, 16, 17, 0, 20
2061, 16, 17, 0, 20
2062, 16, 17, 0, 20
2063, 16, 17, 0, 20
2064, 16, 17, 0, 20
2065, 16, 17, 0, 20
2066, 16, 17, 0, 20
2067, 16, 17, 0, 20
2068, 16, 17, 0, 20
2069, 16, 17, 0, 20
2070, 16, 17, 0, 20
2071, 16, 17, 0, 20
2072, 16, 17, 0, 20
2073, 16, 17, 0, 20
2074, 16, 17, 0, 20
2075, 16, 17, 0, 20
2076, 16, 17, 0, 20
2077, 16, 17, 0, 20
2078, 16, 17, 0, 20
2079, 16, 17, 0, 20
2080, 16, 17, 0, 20
2081, 16, 17, 0, 20
2082, 16, 17, 0, 20
2083, 16, 17, 0, 20
2084, 16, 17, 0, 20
2085, 16, 17, 0, 20
2086, 16, 17, 0, 20
2087, 16, 17, 0, 20
2088, 16, 17, 0, 20
2089, 16, 17, 0, 20
2090, 16, 17, 0, 20
2091, 16, 17, 0, 20
2092, 16, 17, 0, 20
2093, 16, 17, 0, 20
2094, 16, 17, 0, 20
2095, 16, 17, 0, 20
2096, 16, 17, 0, 20
2097, 16, 17, 0, 20
2098, 16, 17, 0, 20
2099, 16, 17, 0, 20
2100, 16, 17, 0, 20
2101, 16, 17, 0, 20
2102, 16, 17, 0, 20
2103, 16, 17, 0, 20
2104, 16, 17, 0, 20
2105, 16, 17, 0, 20
2106, 16, 17, 0, 20
2107, 16, 17, 0, 20
2108, 16, 17, 0, 20
2109, 16, 17, 0, 20
2110, 16, 17, 0, 20
2111, 16, 17, 0, 20
2112, 16, 17, 0, 20
2113, 16, 17, 0, 20
2114, 16, 17, 0, 20
2115, 16, 17, 0, 20
2116, 16, 17, 0, 20
2117, 16, 17, 0, 20
2118, 16, 17, 0, 20
2119, 16, 17, 0, 20
2120, 16, 17, 0, 20
2121, 16, 17, 0, 20
2122, 16, 17, 0, 20
2123, 16, 17, 0, 20
2124, 16, 17, 0, 20
2125, 16, 17, 0, 20
2126, 16, 17, 0, 20
2127, 16, 17, 0, 20
2128, 16, 17, 0, 20
2129, 16, 17, 0, 20
2130, 16, 17, 0, 20
2131, 16, 17, 0, 20
2132, 16, 17, 0, 20
2133, 16, 17, 0, 20
2134, 16, 17, 0, 20
2135, 16, 17, 0, 20
2136, 16, 17, 0, 20
2137, 16, 17, 0, 20
2138, 16, 17, 0, 20
2139, 16, 17, 0, 20
2140, 16, 17, 0, 20
2141, 16, 17, 0, 20
2142, 16, 17, 0, 20
2143, 16, 17, 0, 20
2144, 16, 17, 0, 20
2145, 16, 17, 0, 20
2146, 16, 17, 0, 20
2147, 16, 17, 0, 20
2148, 16, 17, 0, 20
2149, 16, 17, 0, 20
2150, 16, 17, 0, 20
2151, 16, 17, 0, 20
2152, 16, 17, 0, 20
2153, 16, 17, 0, 20
2154, 16, 17, 0, 20
2155, 16, 17, 0, 20
2156, 16, 17, 0, 20
2157, 16, 17, 0, 20
2158, 16, 17, 0, 20
2159, 16, 17, 0, 20
2160, 16, 17, 0, 20
2161, 16, 17, 0, 20
2162, 16, 17, 0, 20
2163, 16, 17, 0, 20
2164, 16, 17, 0, 20
2165, 16, 17, 0, 20
2166, 16, 17, 0, 20
2167, 16, 17, 0, 20
2168, 16, 17, 0, 20
2169, 16, 17, 0, 20
2170, 16, 17, 0, 20
2171, 16, 17, 0, 20
2172, 16, 17, 0, 20
2173, 16, 17, 0, 20
2174, 16, 17, 0, 20
2175, 16, 17, 0, 20
2176, 16, 17, 0, 20
2177, 16, 17, 0, 20
2178, 16, 17, 0, 20
2179, 16, 17, 0, 20
2180, 16, 17, 0, 20
2181, 16, 17, 0, 20
2182, 16, 17, 0, 20
2183, 16, 17, 0, 20
2184, 16, 17, 0, 20
2185, 16, 17, 0, 20
2186, 16, 17, 0, 20
2187, 16, 17, 0, 20
2188, 16, 17, 0, 20
2189, 16, 17, 0, 20
2190, 16, 17, 0, 20
2191, 16, 17, 0, 20
2192, 16, 17, 0, 20
2193, 16, 17, 0, 20
2194, 16, 17, 0, 20
2195, 16, 17, 0, 20
2196, 16, 17, 0, 20
2197, 16, 17, 0, 20
2198, 16, 17, 0, 20
2199, 16, 17, 0, 20
2200, 16, 17, 0, 20
2201, 16, 17, 0, 20
2202, 16, 17, 0, 20
2203, 16, 17, 0, 20
2204, 16, 17, 0, 20
2205, 16, 17, 0, 20
2206, 16, 17, 0, 20
2207, 16, 17, 0, 20
2208, 16, 17, 0, 20
2209, 16, 17, 0, 20
2210, 16, 17, 0, 20
2211, 16, 17, 0, 20
2212, 16, 17, 0, 20
2213, 16, 17, 0, 20
2214, 16, 17, 0, 20
2215, 16, 17, 0, 20
2216, 16, 17, 0, 20
2217, 16, 17, 0, 20
2218, 16, 17, 0, 20
2219, 16, 17, 0, 20
2220, 16, 17, 0, 20
2221, 16, 17, 0, 20
2222, 16, 17, 0, 20
2223, 16, 17, 0, 20
2224, 16, 17, 0, 20
2225, 16, 17, 0, 20
2226, 16, 17, 0, 20
2227, 16, 17, 0, 20
2228, 16, 17, 0, 20
2229, 16, 17, 0, 20
2230, 16, 17, 0, 20
2231, 16, 17, 0, 20
2232, 16, 17, 0, 20
2233, 16, 17, 0, 20
2234, 16, 17, 0, 20
2235, 16, 17, 0, 20
2236, 16, 17, 0, 20
2237, 16, 17, 0, 20
2238, 16, 17, 0, 20
2239, 16, 17, 0, 20
2240, 16, 17, 0, 20
2241, 16, 17, 0, 20
2242, 16, 17, 0, 20
2243, 16, 17, 0, 20
2244, 16, 17, 0, 20
2245, 16, 17, 0, 20
2246, 16, 17, 0, 20
2247, 16, 17, 0, 20
2248, 16, 17, 0, 20
2249, 16, 17, 0, 20
2250, 16, 17, 0, 20
2251, 16, 17, 0, 20
2252, 16, 17, 0, 20
2253, 16, 17, 0, 20
2254, 16, 17, 0, 20
2255, 16, 17, 0, 20
2256, 16, 17, 0, 20
2257, 16, 17, 0, 20
2258, 16, 17, 0, 20
2259, 16, 17, 0, 20
2260, 16, 17, 0, 20
2261, 16, 17, 0, 20
2262, 16, 17, 0, 20
2263, 16, 17, 0, 20
2264, 16, 17, 0, 20
2265, 16, 17, 0, 20
2266, 16, 17, 0, 20
2267, 16, 17, 0, 20
2268, 16, 17, 0, 20
2269, 16, 17, 0, 20
2270, 16, 17, 0, 20
2271, 16, 17, 0, 20
2272, 16, 17, 0, 20
2273, 16, 17, 0, 20
2274, 16, 17, 0, 20
2275, 16, 17, 0, 20
2276, 16, 17, 0, 20
2277, 16, 17, 0, 20
2278, 16, 17, 0, 20
2279, 16, 17, 0, 20
2280, 16, 17, 0, 20
2281, 16, 17, 0, 20
2282, 16, 17, 0, 20
2283, 16, 17, 0, 20
2284, 16, 17, 0, 20
2285, 16, 17, 0, 20
2286, 16, 17, 0, 20
2287, 16, 17, 0, 20
2288, 16, 17, 0, 20
2289, 16, 17, 0, 20
2290, 16, 17, 0, 20
2291, 16, 17, 0, 20
2292, 16, 17, 0, 20
2293, 16, 17, 0, 20
2294, 16, 17, 0, 20
2295, 16, 17, 0, 20
2296, 16, 17, 0, 20
2297, 16, 17, 0, 20
2298, 16, 17, 0, 20
2299, 16, 17, 0, 20
2300, 16, 17, 0, 20
2301, 16, 17, 0, 20
2302, 16, 17, 0, 20
2303, 16, 17, 0, 20
2304, 16, 17, 0, 20
2305, 16, 17, 0, 20
2306, 16, 17, 0, 20
2307, 16, 17, 0, 20
2308, 16, 17, 0, 20
2309, 16, 17, 0, 20
2310, 16, 17, 0, 20
2311, 16, 17, 0, 20
2312, 16, 17, 0, 20
2313, 16, 17, 0, 20
2314, 16, 17, 0, 20
2315, 16, 17, 0, 20
2316, 16, 17, 0, 20
2317, 16, 17, 0, 20
2318, 16, 17, 0, 20
2319, 16, 17, 0, 20
2320, 16, 17, 0, 20
2321, 16, 17, 0, 20
2322, 16, 17, 0, 20
2323, 16, 17, 0, 20
2324, 16, 17, 0, 20
2325, 16, 17, 0, 20
2326, 16, 17, 0, 20
2327, 16, 17, 0, 20
2328, 16, 17, 0, 20
2329, 16, 17, 0, 20
2330, 16, 17, 0, 20
2331, 16, 17, 0, 20
2332, 16, 17, 0, 20
2333, 16, 17, 0, 20
2334, 16, 17, 0, 20
2335, 16, 17, 0, 20
2336, 16, 17, 0, 20
2337, 16, 17, 0, 20
2338, 16, 17, 0, 20
2339, 16, 17, 0, 20
2340, 16, 17, 0, 20
2341, 16, 17, 0, 20
2342, 16, 17, 0, 20
2343, 16, 17, 0, 20
2344, 16, 17, 0, 20
2345, 16, 17, 0, 20
2346, 16, 17, 0, 20
2347, 16, 17, 0, 20
2348, 16, 17, 0, 20
2349, 16, 17, 0, 20
2350, 16, 17, 0, 20
2351, 16, 17, 0, 20
2352, 16, 17, 0, 20
2353, 16, 17, 0, 20
2354, 16, 17, 0, 20
2355, 16, 17, 0, 20
2356, 16, 17, 0, 20
2357, 16, 17, 0, 20
2358, 16, 17, 0, 20
2359, 16, 17, 0, 20
2360, 16, 17, 0, 20
2361, 16, 17, 0, 20
2362, 16, 17, 0, 20
2363, 16, 17, 0, 20
2364, 16, 17, 0, 20
2365, 16, 17, 0, 20
2366, 16, 17, 0, 20
2367, 16, 17, 0, 20
2368, 16, 17, 0, 20
2369, 16, 17, 0, 20
2370, 16, 17, 0, 20
2371, 16, 17, 0, 20
2372, 16, 17, 0, 20
2373, 16, 17, 0, 20
2374, 16, 17, 0, 20
2375, 16, 17, 0, 20
2376, 16, 17, 0, 20
2377, 16, 17, 0, 20
2378, 16, 17, 0, 20
2379, 16, 17, 0, 20
2380, 16, 17, 0, 20
2381, 16, 17, 0, 20
2382, 16, 17, 0, 20
2383, 16, 17, 0, 20
2384, 16, 17, 0, 20
2385, 16, 17, 0, 20
2386, 16, 17, 0, 20
2387, 16, 17, 0, 20
2388, 16, 17, 0, 20
2389, 16, 17, 0, 20
2390, 16, 17, 0, 20
2391, 16, 17, 0, 20
2392, 16, 17, 0, 20
2393, 16, 17, 0, 20
2394, 16, 17, 0, 20
2395, 16, 17, 0, 20
2396, 16, 17, 0, 20
2397, 16, 17, 0, 20
2398, 16, 17, 0, 20
2399, 16, 17, 0, 20
2400, 16, 17, 0, 20
2401, 16, 17, 0, 20
2402, 16, 17, 0, 20
2403, 16, 17, 0, 20
2404, 16, 17, 0, 20
2405, 16, 17, 0, 20
2406, 16, 17, 0, 20
2407, 16, 17, 0, 20
2408, 16, 17, 0, 20
2409, 16, 17, 0, 20
2410, 16, 17, 0, 20
2411, 16, 17, 0, 20
2412, 16, 17, 0, 20
2413, 16, 17, 0, 20
2414, 16, 17, 0, 20
2415, 16, 17, 0, 20
2416, 16, 17, 0, 20
2417, 16, 17, 0, 20
2418, 16, 17, 0, 20
2419, 16, 17, 0, 20
2420, 16, 17, 0, 20
2421, 16, 17, 0, 20
2422, 16, 17, 0, 20
2423, 16, 17, 0, 20
2424, 16, 17, 0, 20
2425, 16, 17, 0, 20
2426, 16, 17, 0, 20
2427, 16, 17, 0, 20
2428, 16, 17, 0, 20
2429, 16, 17, 0, 20
2430, 16, 17, 0, 20
2431, 16, 17, 0, 20
2432, 16, 17, 0, 20
2433, 16, 17, 0, 20
2434, 16, 17, 0, 20
2435, 16, 17, 0, 20
2436, 16, 17, 0, 20
2437, 16, 17, 0, 20
2438, 16, 17, 0, 20
2439, 16, 17, 0, 20
2440, 16, 17, 0, 20
2441, 16, 17, 0, 20
2442, 16, 17, 0, 20
2443, 16, 17, 0, 20
2444, 16, 17, 0, 20
2445, 16, 17, 0, 20
2446, 16, 17, 0, 20
2447, 16, 17, 0, 20
2448, 16, 17, 0, 20
2449, 16, 17, 0, 20
2450, 16, 17, 0, 20
2451, 16, 17, 0, 20
2452, 16, 17, 0, 20
2453, 16, 17, 0, 20
2454, 16, 17, 0, 20
2455, 16, 17, 0, 20
2456, 16, 17, 0, 20
2457, 16, 17, 0, 20
2458, 16, 17, 0, 20
2459, 16, 17, 0, 20
2460, 16, 17, 0, 20
2461, 16, 17, 0, 20
2462, 16, 17, 0, 20
2463, 16, 17, 0, 20
2464, 16, 17, 0, 20
2465, 16, 17, 0, 20
2466, 16, 17, 0, 20
2467, 16, 17, 0, 20
2468, 16, 17, 0, 20
2469, 16, 17, 0, 20
2470, 16, 17, 0, 20
2471, 16, 17, 0, 20
2472, 16, 17, 0, 20
2473, 16, 17, 0, 20
2474, 16, 17, 0, 20
2475, 16, 17, 0, 20
2476, 16, 17, 0, 20
2477, 16, 17, 0, 20
2478, 16, 17, 0, 20
2479, 16, 17, 0, 20
2480, 16, 17, 0, 20
2481, 16, 17, 0, 20
2482, 16, 17, 0, 20
2483, 16, 17, 0, 20
2484, 16, 17, 0, 20
2485, 16, 17, 0, 20
2486, 16, 17, 0, 20
2487, 16, 17, 0, 20
2488, 16, 17, 0, 20
2489, 16, 17, 0, 20
2490, 16, 17, 0, 20
2491, 16, 17, 0, 20
2492, 16, 17, 0, 20
2493, 16, 17, 0, 20
2494, 16, 17, 0, 20
2495, 16, 17, 0, 20
2496, 16, 17, 0, 20
2497, 16, 17, 0, 20
2498, 16, 17, 0, 20
2499, 16, 17, 0, 20
2500, 16, 17, 0, 20
2501, 16, 17, 0, 20
2502, 16, 17, 0, 20
2503, 16, 17, 0, 20
2504, 16, 17, 0, 20
2505, 16, 17, 0, 20
2506, 16, 17, 0, 20
2507, 16, 17, 0, 20
2508, 16, 17, 0, 20
2509, 16, 17, 0, 20
2510, 16, 17, 0, 20
2511, 16, 17, 0, 20
2512, 16, 17, 0, 20
2513, 16, 17, 0, 20
2514, 16, 17, 0, 20
2515, 16, 17, 0, 20
2516, 16, 17, 0, 20
2517, 16, 17, 0, 20
2518, 16, 17, 0, 20
2519, 16, 17, 0, 20
2520, 16, 17, 0, 20
2521, 16, 17, 0, 20
2522, 16, 17, 0, 20
2523, 16, 17, 0, 20
2524, 16, 17, 0, 20
2525, 16, 17, 0, 20
2526, 16, 17, 0, 20
2527, 16, 17, 0, 20
2528, 16, 17, 0, 20
2529, 16, 17, 0, 20
2530, 16, 17, 0, 20
2531, 16, 17, 0, 20
2532, 16, 17, 0, 20
2533, 16, 17, 0, 20
2534, 16, 17, 0, 20
2535, 16, 17, 0, 20
2536, 16, 17, 0, 20
2537, 16, 17, 0, 20
2538, 16, 17, 0, 20
2539, 16, 17, 0, 20
2540, 16, 17, 0, 20
2541, 16, 17, 0, 20
2542, 16, 17, 0, 20
2543, 16, 17, 0, 20
2544, 16, 17, 0, 20
2545, 16, 17, 0, 20
2546, 16, 17, 0, 20
2547, 16, 17, 0, 20
2548, 16, 17, 0, 20
2549, 16, 17, 0, 20
2550, 16, 17, 0, 20
2551, 16, 17, 0, 20
2552, 16, 17, 0, 20
2553, 16, 17, 0, 20
2554, 16, 17, 0, 20
2555, 16, 17, 0, 20
2556, 16, 17, 0, 20
2557, 16, 17, 0, 20
2558, 16, 17, 0, 20
2559, 16, 17, 0, 20
2560, 16, 17, 0, 20
2561, 16, 17, 0, 20
2562, 16, 17, 0, 20
2563, 16, 17, 0, 20
2564, 16, 17, 0, 20
2565, 16, 17, 0, 20
2566, 16, 17, 0, 20
2567, 16, 17, 0, 20
2568, 16, 17, 0, 20
2569, 16, 17, 0, 20
2570, 16, 17, 0, 20
2571, 16, 17, 0, 20
2572, 16, 17, 0, 20
2573, 16, 17, 0, 20
2574, 16, 17, 0, 20
2575, 16, 17, 0, 20
2576, 16, 17, 0, 20
2577, 16, 17, 0, 20
2578, 16, 17, 0, 20
2579, 16, 17, 0, 20
2580, 16, 17, 0, 20
2581, 16, 17, 0, 20
2582, 16, 17, 0, 20
2583, 16, 17, 0, 20
2584, 16, 17, 0, 20
2585, 16, 17, 0, 20
2586, 16, 17, 0, 20
2587, 16, 17, 0, 20
2588, 16, 17, 0, 20
2589, 16, 17, 0, 20
2590, 16, 17, 0, 20
2591, 16, 17, 0, 20
2592, 16, 17, 0, 20
2593, 16, 17, 0, 20
2594, 16, 17, 0, 20
2595, 16, 17, 0, 20
2596, 16, 17, 0, 20
2597, 16, 17, 0, 20
2598, 16, 17, 0, 20
2599, 16, 17, 0, 20
2600, 16, 17, 0, 20
2601, 16, 17, 0, 20
2602, 16, 17, 0, 20
2603, 16, 17, 0, 20
2604, 16, 17, 0, 20
2605, 16, 17, 0, 20
2606, 16, 17, 0, 20
2607, 16, 17, 0, 20
2608, 16, 17, 0, 20
2609, 16, 17, 0, 20
2610, 16, 17, 0, 20
2611, 16, 17, 0, 20
2612, 16, 17, 0, 20
2613, 16, 17, 0, 20
2614, 16, 17, 0, 20
2615, 16, 17, 0, 20
2616, 16, 17, 0, 20
2617, 16, 17, 0, 20
2618, 16, 17, 0, 20
2619, 16, 17, 0, 20
2620, 16, 17, 0, 20
2621, 16, 17, 0, 20
2622, 16, 17, 0, 20
2623, 16, 17, 0, 20
2624, 16, 17, 0, 20
2625, 16, 17, 0, 20
2626, 16, 17, 0, 20
2627, 16, 17, 0, 20
2628, 16, 17, 0, 20
2629, 16, 17, 0, 20
2630, 16, 17, 0, 20
2631, 16, 17, 0, 20
2632, 16, 17, 0, 20
2633, 16, 17, 0, 20
2634, 16, 17, 0, 20
2635, 16, 17, 0, 20
2636, 16, 17, 0, 20
2637, 16, 17, 0, 20
2638, 16, 17, 0, 20
2639, 16, 17, 0, 20
2640, 16, 17, 0, 20
2641, 16, 17, 0, 20
2642, 16, 17, 0, 20
2643, 16, 17, 0, 20
2644, 16, 17, 0, 20
2645, 16, 17, 0, 20
2646, 16, 17, 0, 20
2647, 16, 17, 0, 20
2648, 16, 17, 0, 20
2649, 16, 17, 0, 20
2650, 16, 17, 0, 20
2651, 16, 17, 0, 20
2652, 16, 17, 0, 20
2653, 16, 17, 0, 20
2654, 16, 17, 0, 20
2655, 16, 17, 0, 20
2656, 16, 17, 0, 20
2657, 16, 17, 0, 20
2658, 16, 17, 0, 20
2659, 16, 17, 0, 20
2660, 16, 17, 0, 20
2661, 16, 17, 0, 20
2662, 16, 17, 0, 20
2663, 16, 17, 0, 20
2664, 16, 17, 0, 20
2665, 16, 17, 0, 20
2666, 16, 17, 0, 20
2667, 16, 17, 0, 20
2668, 16, 17, 0, 20
2669, 16, 17, 0, 20
2670, 16, 17, 0, 20
2671, 16, 17, 0, 20
2672, 16, 17, 0, 20
2673, 16, 17, 0, 20
2674, 16, 17, 0, 20
2675, 16, 17, 0, 20
2676, 16, 17, 0, 20
2677, 16, 17, 0, 20
2678, 16, 17, 0, 20
2679, 16, 17, 0, 20
2680, 16, 17, 0, 20
2681, 16, 17, 0, 20
2682, 16, 17, 0, 20
2683, 16, 17, 0, 20
2684, 16, 17, 0, 20
2685, 16, 17, 0, 20
2686, 16, 17, 0, 20
2687, 16, 17, 0, 20
2688, 16, 17, 0, 20
2689, 16, 17, 0, 20
2690, 16, 17, 0, 20
2691, 16, 17, 0, 20
2692, 16, 17, 0, 20
2693, 16, 17, 0, 20
2694, 16, 17, 0, 20
2695, 16, 17, 0, 20
2696, 16, 17, 0, 20
2697, 16, 17, 0, 20
2698, 16, 17, 0, 20
2699, 16, 17, 0, 20
2700, 16, 17, 0, 20
2701, 16, 17, 0, 20
2702, 16, 17, 0, 20
2703, 16, 17, 0, 20
2704, 16, 17, 0, 20
2705, 16, 17, 0, 20
2706, 16, 17, 0, 20
2707, 16, 17, 0, 20
2708, 16, 17, 0, 20
2709, 16, 17, 0, 20
2710, 16, 17, 0, 20
2711, 16, 17, 0, 20
2712, 16, 17, 0, 20
2713, 16, 17, 0, 20
2714, 16, 17, 0, 20
2715, 16, 17, 0, 20
2716, 16, 17, 0, 20
2717, 16, 17, 0, 20
2718, 16, 17, 0, 20
2719, 16, 17, 0, 20
2720, 16, 17, 0, 20
2721, 16, 17, 0, 20
2722, 16, 17, 0, 20
2723, 16, 17, 0, 20
2724, 16, 17, 0, 20
2725, 16, 17, 0, 20
2726, 16, 17, 0, 20
2727, 16, 17, 0, 20
2728, 16, 17, 0, 20
2729, 16, 17, 0, 20
2730, 16, 17, 0, 20
2731, 16, 17, 0, 20
2732, 16, 17, 0, 20
2733, 16, 17, 0, 20
2734, 16, 17, 0, 20
2735, 16, 17, 0, 20
2736, 16, 17, 0, 20
2737, 16, 17, 0, 20
2738, 16, 17, 0, 20
2739, 16, 17, 0, 20
2740, 16, 17, 0, 20
2741, 16, 17, 0, 20
2742, 16, 17, 0, 20
2743, 16, 17, 0, 20
2744, 16, 17, 0, 20
2745, 16, 17, 0, 20
2746, 16, 17, 0, 20
2747, 16, 17, 0, 20
2748, 16, 17, 0, 20
2749, 16, 17, 0, 20
2750, 16, 17, 0, 20
2751, 16, 17, 0, 20
2752, 16, 17, 0, 20
2753, 16, 17, 0, 20
2754, 16, 17, 0, 20
2755, 16, 17, 0, 20
2756, 16, 17, 0, 20
2757, 16, 17, 0, 20
2758, 16, 17, 0, 20
2759, 16, 17, 0, 20
2760, 16, 17, 0, 20
2761, 16, 17, 0, 20
2762, 16, 17, 0, 20
2763, 16, 17, 0, 20
2764, 16, 17, 0, 20
2765, 16, 17, 0, 20
2766, 16, 17, 0, 20
2767, 16, 17, 0, 20
2768, 16, 17, 0, 20
2769, 16, 17, 0, 20
2770, 16, 17, 0, 20
2771, 16, 17, 0, 20
2772, 16, 17, 0, 20
2773, 16, 17, 0, 20
2774, 16, 17, 0, 20
2775, 16, 17, 0, 20
2776, 16, 17, 0, 20
2777, 16, 17, 0, 20
2778, 16, 17, 0, 20
2779, 16, 17, 0, 20
2780, 16, 17, 0, 20
2781, 16, 17, 0, 20
2782, 16, 17, 0, 20
2783, 16, 17, 0, 20
2784, 16, 17, 0, 20
2785, 16, 17, 0, 20
2786, 16, 17, 0, 20
2787, 16, 17, 0, 20
2788, 16, 17, 0, 20
2789, 16, 17, 0, 20
2790, 16, 17, 0, 20
2791, 16, 17, 0, 20
2792, 16, 17, 0, 20
2793, 16, 17, 0, 20
2794, 16, 17, 0, 20
2795, 16, 17, 0, 20
2796, 16, 17, 0, 20
2797, 16, 17, 0, 20
2798, 16, 17, 0, 20
2799, 16, 17, 0, 20
2800, 16, 17, 0, 20
2801, 16, 17, 0, 20
2802, 16, 17, 0, 20
2803, 16, 17, 0, 20
2804, 16, 17, 0, 20
2805, 16, 17, 0, 20
2806, 16, 17, 0, 20
2807, 16, 17, 0, 20
2808, 16, 17, 0, 20
2809, 16, 17, 0, 20
2810, 16, 17, 0, 20
2811, 16, 17, 0, 20
2812, 16, 17, 0, 20
2813, 16, 17, 0, 20
2814, 16, 17, 0, 20
2815, 16, 17, 0, 20
2816, 16, 17, 0, 20
2817, 16, 17, 0, 20
2818, 16, 17, 0, 20
2819, 16, 17, 0, 20
2820, 16, 17, 0, 20
2821, 16, 17, 0, 20
2822, 16, 17, 0, 20
2823, 16, 17, 0, 20
2824, 16, 17, 0, 20
2825, 16, 17, 0, 20
2826, 16, 17, 0, 20
2827, 16, 17, 0, 20
2828, 16, 17, 0, 20
2829, 16, 17, 0, 20
2830, 16, 17, 0, 20
2831, 16, 17, 0, 20
2832, 16, 17, 0, 20
2833, 16, 17, 0, 20
2834, 16, 17, 0, 20
2835, 16, 17, 0, 20
2836, 16, 17, 0, 20
2837, 16, 17, 0, 20
2838, 16, 17, 0, 20
2839, 16, 17, 0, 20
2840, 16, 17, 0, 20
2841, 16, 17, 0, 20
2842, 16, 17, 0, 20
2843, 16, 17, 0, 20
2844, 16, 17, 0, 20
2845, 16, 17, 0, 20
2846, 16, 17, 0, 20
2847, 16, 17, 0, 20
2848, 16, 17, 0, 20
2849, 16, 17, 0, 20
2850, 16, 17, 0, 20
2851, 16, 17, 0, 20
2852, 16, 17, 0, 20
2853, 16, 17, 0, 20
2854, 16, 17, 0, 20
2855, 16, 17, 0, 20
2856, 16, 17, 0, 20
2857, 16, 17, 0, 20
2858, 16, 17, 0, 20
2859, 16, 17, 0, 20
2860, 16, 17, 0, 20
2861, 16, 17, 0, 20
2862, 16, 17, 0, 20
2863, 16, 17, 0, 20
2864, 16, 17, 0, 20
2865, 16, 17, 0, 20
2866, 16, 17, 0, 20
2867, 16, 17, 0, 20
2868, 16, 17, 0, 20
2869, 16, 17, 0, 20
2870, 16, 17, 0, 20
2871, 16, 17, 0, 20
2872, 16, 17, 0, 20
2873, 16, 17, 0, 20
2874, 16, 17, 0, 20
2875, 16, 17, 0, 20
2876, 16, 17, 0, 20
2877, 16, 17, 0, 20
2878, 16, 17, 0, 20
2879, 16, 17, 0, 20
2880, 16, 17, 0, 20
2881, 16, 17, 0, 20
2882, 16, 17, 0, 20
2883, 16, 17, 0, 20
2884, 16, 17, 0, 20
2885, 16, 17, 0, 20
2886, 16, 17, 0, 20
2887, 16, 17, 0, 20
2888, 16, 17, 0, 20
2889, 16, 17, 0, 20
2890, 16, 17, 0, 20
2891, 16, 17, 0, 20
2892, 16, 17, 0, 20
2893, 16, 17, 0, 20
2894, 16, 17, 0, 20
2895, 16, 17, 0, 20
2896, 16, 17, 0, 20
2897, 16, 17, 0, 20
2898, 16, 17, 0, 20
2899, 16, 17, 0, 20
2900, 16, 17, 0, 20
2901, 16, 17, 0, 20
2902, 16, 17, 0, 20
2903, 16, 17, 0, 20
2904, 16, 17, 0, 20
2905, 16, 17, 0, 20
2906, 16, 17, 0, 20
2907, 16, 17, 0, 20
2908, 16, 17, 0, 20
2909, 16, 17, 0, 20
2910, 16, 17, 0, 20
2911, 16, 17, 0, 20
2912, 16, 17, 0, 20
2913, 16, 17, 0, 20
2914, 16, 17, 0, 20
2915, 16, 17, 0, 20
2916, 16, 17, 0, 20
2917, 16, 17, 0, 20
2918, 16, 17, 0, 20
2919, 16, 17, 0, 20
2920, 16, 17, 0, 20
2921, 16, 17, 0, 20
2922, 16, 17, 0, 20
2923, 16, 17, 0, 20
2924, 16, 17, 0, 20
2925, 16, 17, 0, 20
2926, 16, 17, 0, 20
2927, 16, 17, 0, 20
2928, 16, 17, 0, 20
2929, 16, 17, 0, 20
2930, 16, 17, 0, 20
2931, 16, 17, 0, 20
2932, 16, 17, 0, 20
2933, 16, 17, 0, 20
2934, 16, 17, 0, 20
2935, 16, 17, 0, 20
2936, 16, 17, 0, 20
2937, 16, 17, 0, 20
2938, 16, 17, 0, 20
2939, 16, 17, 0, 20
2940, 16, 17, 0, 20
2941, 16, 17, 0, 20
2942, 16, 17, 0, 20
2943, 16, 17, 0, 20
2944, 16, 17, 0, 20
2945, 16, 17, 0, 20
2946, 16, 17, 0, 20
2947, 16, 17, 0, 20
2948, 16, 17, 0, 20
2949, 16, 17, 0, 20
2950, 16, 17, 0, 20
2951, 16, 17, 0, 20
2952, 16, 17, 0, 20
2953, 16, 17, 0, 20
2954, 16, 17, 0, 20
2955, 16, 17, 0, 20
2956, 16, 17, 0, 20
2957, 16, 17, 0, 20
2958, 16, 17, 0, 20
2959, 16, 17, 0, 20
2960, 16, 17, 0, 20
2961, 16, 17, 0, 20
2962, 16, 17, 0, 20
2963, 16, 17, 0, 20
2964, 16, 17, 0, 20
2965, 16, 17, 0, 20
2966, 16, 17, 0, 20
2967, 16, 17, 0, 20
2968, 16, 17, 0, 20
2969, 16, 17, 0, 20
2970, 16, 17, 0, 20
2971, 16, 17, 0, 20
2972, 16, 17, 0, 20
2973, 16, 17, 0, 20
2974, 16, 17, 0, 20
2975, 16, 17, 0, 20
2976, 16, 17, 0, 20
2977, 16, 17, 0, 20
2978, 16, 17, 0, 20
2979, 16, 17, 0, 20
2980, 16, 17, 0, 20
2981, 16, 17, 0, 20
2982, 16, 17, 0, 20
2983, 16, 17, 0, 20
2984, 16, 17, 0, 20
2985, 16, 17, 0, 20
2986, 16, 17, 0, 20
2987, 16, 17, 0, 20
2988, 16, 17, 0, 20
2989, 16, 17, 0, 20
2990, 16, 17, 0, 20
2991, 16, 17, 0, 20
2992, 16, 17, 0, 20
2993, 16, 17, 0, 20
2994, 16, 17, 0, 20
2995, 16, 17, 0, 20
2996, 16, 17, 0, 20
2997, 16, 17, 0, 20
2998, 16, 17, 0, 20
2999, 16, 17, 0, 20
3000, 16, 17, 0, 20
3001, 16, 17, 0, 20
3002, 16, 17, 0, 20
3003, 16, 17, 0, 20
3004, 16, 17, 0, 20
3005, 16, 17, 0, 20
3006, 16, 17, 0, 20
3007, 16, 17, 0, 20
3008, 16, 17, 0, 20
3009, 16, 17, 0, 20
3010, 16, 17, 0, 20
3011, 16, 17, 0, 20
3012, 16, 17, 0, 20
3013, 16, 17, 0, 20
3014, 16, 17, 0, 20
3015, 16, 17, 0, 20
3016, 16, 17, 0, 20
3017, 16, 17, 0, 20
3018, 16, 17, 0, 20
3019, 16, 17, 0, 20
3020, 16, 17, 0, 20
3021, 16, 17, 0, 20
3022, 16, 17, 0, 20
3023, 16, 17, 0, 20
3024, 16, 17, 0, 20
3025, 16, 17, 0, 20
3026, 16, 17, 0, 20
3027, 16, 17, 0, 20
3028, 16, 17, 0, 20
3029, 16, 17, 0, 20
3030, 16, 17, 0, 20
3031, 16, 17, 0, 20
3032, 16, 17, 0, 20
3033, 16, 17, 0, 20
3034, 16, 17, 0, 20
3035, 16, 17, 0, 20
3036, 16, 17, 0, 20
3037, 16, 17, 0, 20
3038, 16, 17, 0, 20
3039, 16, 17, 0, 20
3040, 16, 17, 0, 20
3041, 16, 17, 0, 20
3042, 16, 17, 0, 20
3043, 16, 17, 0, 20
3044, 16, 17, 0, 20
3045, 16, 17, 0, 20
3046, 16, 17, 0, 20
3047, 16, 17, 0, 20
3048, 16, 17, 0, 20
3049, 16, 17, 0, 20
3050, 16, 17, 0, 20
3051, 16, 17, 0, 20
3052, 16, 17, 0, 20
3053, 16, 17, 0, 20
3054, 16, 17, 0, 20
3055, 16, 17, 0, 20
3056, 16, 17, 0, 20
3057, 16, 17, 0, 20
3058, 16, 17, 0, 20
3059, 16, 17, 0, 20
3060, 16, 17, 0, 20
3061, 16, 17, 0, 20
3062, 16, 17, 0, 20
3063, 16, 17, 0, 20
3064, 16, 17, 0, 20
3065, 16, 17, 0, 20
3066, 16, 17, 0, 20
3067, 16, 17, 0, 20
3068, 16, 17, 0, 20
3069, 16, 17, 0, 20
3070, 16, 17, 0, 20
3071, 16, 17, 0, 20
3072, 16, 17, 0, 20
3073, 16, 17, 0, 20
3074, 16, 17, 0, 20
3075, 16, 17, 0, 20
3076, 16, 17, 0, 20
3077, 16, 17, 0, 20
3078, 16, 17, 0, 20
3079, 16, 17, 0, 20
3080, 16, 17, 0, 20
3081, 16, 17, 0, 20
3082, 16, 17, 0, 20
3083, 16, 17, 0, 20
3084, 16, 17, 0, 20
3085, 16, 17, 0, 20
3086, 16, 17, 0, 20
3087, 16, 17, 0, 20
3088, 16, 17, 0, 20
3089, 16, 17, 0, 20
3090, 16, 17, 0, 20
3091, 16, 17, 0, 20
3092, 16, 17, 0, 20
3093, 16, 17, 0, 20
3094, 16, 17, 0, 20
3095, 16, 17, 0, 20
3096, 16, 17, 0, 20
3097, 16, 17, 0, 20
3098, 16, 17, 0, 20
3099, 16, 17, 0, 20
3100, 16, 17, 0, 20
3101, 16, 17, 0, 20
3102, 16, 17, 0, 20
3103, 16, 17, 0, 20
3104, 16, 17, 0, 20
3105, 16, 17, 0, 20
3106, 16, 17, 0, 20
3107, 16, 17, 0, 20
3108, 16, 17, 0, 20
3109, 16, 17, 0, 20
3110, 16, 17, 0, 20
3111, 16, 17, 0, 20
3112, 16, 17, 0, 20
3113, 16, 17, 0, 20
3114, 16, 17, 0, 20
3115, 16, 17, 0, 20
3116, 16, 17, 0, 20
3117, 16, 17, 0, 20
3118, 16, 17, 0, 20
3119, 16, 17, 0, 20
3120, 16, 17, 0, 20
3121, 16, 17, 0, 20
3122, 16, 17, 0, 20
3123, 16, 17, 0, 20
3124, 16, 17, 0, 20
3125, 16, 17, 0, 20
3126, 16, 17, 0, 20
3127, 16, 17, 0, 20
3128, 16, 17, 0, 20
3129, 16, 17, 0, 20
3130, 16, 17, 0, 20
3131, 16, 17, 0, 20
3132, 16, 17, 0, 20
3133, 16, 17, 0, 20
3134, 16, 17, 0, 20
3135, 16, 17, 0, 20
3136, 16, 17, 0, 20
3137, 16, 17, 0, 20
3138, 16, 17, 0, 20
3139, 16, 17, 0, 20
3140, 16, 17, 0, 20
3141, 16, 17, 0, 20
3142, 16, 17, 0, 20
3143, 16, 17, 0, 20
3144, 16, 17, 0, 20
3145, 16, 17, 0, 20
3146, 16, 17, 0, 20
3147, 16, 17, 0, 20
3148, 16, 17, 0, 20
3149, 16, 17, 0, 20
3150, 16, 17, 0, 20
3151, 16, 17, 0, 20
3152, 16, 17, 0, 20
3153, 16, 17, 0, 20
3154, 16, 17, 0, 20
3155, 16, 17, 0, 20
3156, 16, 17, 0, 20
3157, 16, 17, 0, 20
3158, 16, 17, 0, 20
3159, 16, 17, 0, 20
3160, 16, 17, 0, 20
3161, 16, 17, 0, 20
3162, 16, 17, 0, 20
3163, 16, 17, 0, 20
3164, 16, 17, 0, 20
3165, 16, 17, 0, 20
3166, 16, 17, 0, 20
3167, 16, 17, 0, 20
3168, 16, 17, 0, 20
3169, 16, 17, 0, 20
3170, 16, 17, 0, 20
3171, 16, 17, 0, 20
3172, 16, 17, 0, 20
3173, 16, 17, 0, 20
3174, 16, 17, 0, 20
3175, 16, 17, 0, 20
3176, 16, 17, 0, 20
3177, 16, 17, 0, 20
3178, 16, 17, 0, 20
3179, 16, 17, 0, 20
3180, 16, 17, 0, 20
3181, 16, 17, 0, 20
3182, 16, 17, 0, 20
3183, 16, 17, 0, 20
3184, 16, 17, 0, 20
3185, 16, 17, 0, 20
3186, 16, 17, 0, 20
3187, 16, 17, 0, 20
3188, 16, 17, 0, 20
3189, 16, 17, 0, 20
3190, 16, 17, 0, 20
3191, 16, 17, 0, 20
3192, 16, 17, 0, 20
3193, 16, 17, 0, 20
3194, 16, 17, 0, 20
3195, 16, 17, 0, 20
3196, 16, 17, 0, 20
3197, 16, 17, 0, 20
3198, 16, 17, 0, 20
3199, 16, 17, 0, 20
3200, 16, 17, 0, 20
3201, 16, 17, 0, 20
3202, 16, 17, 0, 20
3203, 16, 17, 0, 20
3204, 16, 17, 0, 20
3205, 16, 17, 0, 20
3206, 16, 17, 0, 20
3207, 16, 17, 0, 20
3208, 16, 17, 0, 20
3209, 16, 17, 0, 20
3210, 16, 17, 0, 20
3211, 16, 17, 0, 20
3212, 16, 17, 0, 20
3213, 16, 17, 0, 20
3214, 16, 17, 0, 20
3215, 16, 17, 0, 20
3216, 16, 17, 0, 20
3217, 16, 17, 0, 20
3218, 16, 17, 0, 20
3219, 16, 17, 0, 20
3220, 16, 17, 0, 20
3221, 16, 17, 0, 20
3222, 16, 17, 0, 20
3223, 16, 17, 0, 20
3224, 16, 17, 0, 20
3225, 16, 17, 0, 20
3226, 16, 17, 0, 20
3227, 16, 17, 0, 20
3228, 16, 17, 0, 20
3229, 16, 17, 0, 20
3230, 16, 17, 0, 20
3231, 16, 17, 0, 20
3232, 16, 17, 0, 20
3233, 16, 17, 0, 20
3234, 16, 17, 0, 20
3235, 16, 17, 0, 20
3236, 16, 17, 0, 20
3237, 16, 17, 0, 20
3238, 16, 17, 0, 20
3239, 16, 17, 0, 20
3240, 16, 17, 0, 20
3241, 16, 17, 0, 20
3242, 16, 17, 0, 20
3243, 16, 17, 0, 20
3244, 16, 17, 0, 20
3245, 16, 17, 0, 20
3246, 16, 17, 0, 20
3247, 16, 17, 0, 20
3248, 16, 17, 0, 20
3249, 16, 17, 0, 20
3250, 16, 17, 0, 20
3251, 16, 17, 0, 20
3252, 16, 17, 0, 20
3253, 16, 17, 0, 20
3254, 16, 17, 0, 20
3255, 16, 17, 0, 20
3256, 16, 17, 0, 20
3257, 16, 17, 0, 20
3258, 16, 17, 0, 20
3259, 16, 17, 0, 20
3260, 16, 17, 0, 20
3261, 16, 17, 0, 20
3262, 16, 17, 0, 20
3263, 16, 17, 0, 20
3264, 16, 17, 0, 20
3265, 16, 17, 0, 20
3266, 16, 17, 0, 20
3267, 16, 17, 0, 20
3268, 16, 17, 0, 20
3269, 16, 17, 0, 20
3270, 16, 17, 0, 20
3271, 16, 17, 0, 20
3272, 16, 17, 0, 20
3273, 16, 17, 0, 20
3274, 16, 17, 0, 20
3275, 16, 17, 0, 20
3276, 16, 17, 0, 20
3277, 16, 17, 0, 20
3278, 16, 17, 0, 20
3279, 16, 17, 0, 20
3280, 16, 17, 0, 20
3281, 16, 17, 0, 20
3282, 16, 17, 0, 20
3283, 16, 17, 0, 20
3284, 16, 17, 0, 20
3285, 16, 17, 0, 20
3286, 16, 17, 0, 20
3287, 16, 17, 0, 20
3288, 16, 17, 0, 20
3289, 16, 17, 0, 20
3290, 16, 17, 0, 20
3291, 16, 17, 0, 20
3292, 16, 17, 0, 20
3293, 16, 17, 0, 20
3294, 16, 17, 0, 20
3295, 16, 17, 0, 20
3296, 16, 17, 0, 20
3297, 16, 17, 0, 20
3298, 16, 17, 0, 20
3299, 16, 17, 0, 20
3300, 16, 17, 0, 20
3301, 16, 17, 0, 20
3302, 16, 17, 0, 20
3303, 16, 17, 0, 20
3304, 16, 17, 0, 20
3305, 16, 17, 0, 20
3306, 16, 17, 0, 20
3307, 16, 17, 0, 20
3308, 16, 17, 0, 20
3309, 16, 17, 0, 20
3310, 16, 17, 0, 20
3311, 16, 17, 0, 20
3312, 16, 17, 0, 20
3313, 16, 17, 0, 20
3314, 16, 17, 0, 20
3315, 16, 17, 0, 20
3316, 16, 17, 0, 20
3317, 16, 17, 0, 20
3318, 16, 17, 0, 20
3319, 16, 17, 0, 20
3320, 16, 17, 0, 20
3321, 16, 17, 0, 20
3322, 16, 17, 0, 20
3323, 16, 17, 0, 20
3324, 16, 17, 0, 20
3325, 16, 17, 0, 20
3326, 16, 17, 0, 20
3327, 16, 17, 0, 20
3328, 16, 17, 0, 20
3329, 16, 17, 0, 20
3330, 16, 17, 0, 20
3331, 16, 17, 0, 20
3332, 16, 17, 0, 20
3333, 16, 17, 0, 20
3334, 16, 17, 0, 20
3335, 16, 17, 0, 20
3336, 16, 17, 0, 20
3337, 16, 17, 0, 20
3338, 16, 17, 0, 20
3339, 16, 17, 0, 20
3340, 16, 17, 0, 20
3341, 16, 17, 0, 20
3342, 16, 17, 0, 20
3343, 16, 17, 0, 20
3344, 16, 17, 0, 20
3345, 16, 17, 0, 20
3346, 16, 17, 0, 20
3347, 16, 17, 0, 20
3348, 16, 17, 0, 20
3349, 16, 17, 0, 20
3350, 16, 17, 0, 20
3351, 16, 17, 0, 20
3352, 16, 17, 0, 20
3353, 16, 17, 0, 20
3354, 16, 17, 0, 20
3355, 16, 17, 0, 20
3356, 16, 17, 0, 20
3357, 16, 17, 0, 20
3358, 16, 17, 0, 20
3359, 16, 17, 0, 20
3360, 16, 17, 0, 20
3361, 16, 17, 0, 20
3362, 16, 17, 0, 20
3363, 16, 17, 0, 20
3364, 16, 17, 0, 20
3365, 16, 17, 0, 20
3366, 16, 17, 0, 20
3367, 16, 17, 0, 20
3368, 16, 17, 0, 20
3369, 16, 17, 0, 20
3370, 16, 17, 0, 20
3371, 16, 17, 0, 20
3372, 16, 17, 0, 20
3373, 16, 17, 0, 20
3374, 16, 17, 0, 20
3375, 16, 17, 0, 20
3376, 16, 17, 0, 20
3377, 16, 17, 0, 20
3378, 16, 17, 0, 20
3379, 16, 17, 0, 20
3380, 16, 17, 0, 20
3381, 16, 17, 0, 20
3382, 16, 17, 0, 20
3383, 16, 17, 0, 20
3384, 16, 17, 0, 20
3385, 16, 17, 0, 20
3386, 16, 17, 0, 20
3387, 16, 17, 0, 20
3388, 16, 17, 0, 20
3389, 16, 17, 0, 20
3390, 16, 17, 0, 20
3391, 16, 17, 0, 20
3392, 16, 17, 0, 20
3393, 16, 17, 0, 20
3394, 16, 17, 0, 20
3395, 16, 17, 0, 20
3396, 16, 17, 0, 20
3397, 16, 17, 0, 20
3398, 16, 17, 0, 20
3399, 16, 17, 0, 20
3400, 16, 17, 0, 20
3401, 16, 17, 0, 20
3402, 16, 17, 0, 20
3403, 16, 17, 0, 20
3404, 16, 17, 0, 20
3405, 16, 17, 0, 20
3406, 16, 17, 0, 20
3407, 16, 17, 0, 20
3408, 16, 17, 0, 20
3409, 16, 17, 0, 20
3410, 16, 17, 0, 20
3411, 16, 17, 0, 20
3412, 16, 17, 0, 20
3413, 16, 17, 0, 20
3414, 16, 17, 0, 20
3415, 16, 17, 0, 20
3416, 16, 17, 0, 20
3417, 16, 17, 0, 20
3418, 16, 17, 0, 20
3419, 16, 17, 0, 20
3420, 16, 17, 0, 20
3421, 16, 17, 0, 20
3422, 16, 17, 0, 20
3423, 16, 17, 0, 20
3424, 16, 17, 0, 20
3425, 16, 17, 0, 20
3426, 16, 17, 0, 20
3427, 16, 17, 0, 20
3428, 16, 17, 0, 20
3429, 16, 17, 0, 20
3430, 16, 17, 0, 20
3431, 16, 17, 0, 20
3432, 16, 17, 0, 20
3433, 16, 17, 0, 20
3434, 16, 17, 0, 20
3435, 16, 17, 0, 20
3436, 16, 17, 0, 20
3437, 16, 17, 0, 20
3438, 16, 17, 0, 20
3439, 16, 17, 0, 20
3440, 16, 17, 0, 20
3441, 16, 17, 0, 20
3442, 16, 17, 0, 20
3443, 16, 17, 0, 20
3444, 16, 17, 0, 20
3445, 16, 17, 0, 20
3446, 16, 17, 0, 20
3447, 16, 17, 0, 20
3448, 16, 17, 0, 20
3449, 16, 17, 0, 20
3450, 16, 17, 0, 20
3451, 16, 17, 0, 20
3452, 16, 17, 0, 20
3453, 16, 17, 0, 20
3454, 16, 17, 0, 20
3455, 16, 17, 0, 20
3456, 16, 17, 0, 20
3457, 16, 17, 0, 20
3458, 16, 17, 0, 20
3459, 16, 17, 0, 20
3460, 16, 17, 0, 20
3461, 16, 17, 0, 20
3462, 16, 17, 0, 20
3463, 16, 17, 0, 20
3464, 16, 17, 0, 20
3465, 16, 17, 0, 20
3466, 16, 17, 0, 20
3467, 16, 17, 0, 20
3468, 16, 17, 0, 20
3469, 16, 17, 0, 20
3470, 16, 17, 0, 20
3471, 16, 17, 0, 20
3472, 16, 17, 0, 20
3473, 16, 17, 0, 20
3474, 16, 17, 0, 20
3475, 16, 17, 0, 20
3476, 16, 17, 0, 20
3477, 16, 17, 0, 20
3478, 16, 17, 0, 20
3479, 16, 17, 0, 20
3480, 16, 17, 0, 20
3481, 16, 17, 0, 20
3482, 16, 17, 0, 20
3483, 16, 17, 0, 20
3484, 16, 17, 0, 20
3485, 16, 17, 0, 20
3486, 16, 17, 0, 20
3487, 16, 17, 0, 20
3488, 16, 17, 0, 20
3489, 16, 17, 0, 20
3490, 16, 17, 0, 20
3491, 16, 17, 0, 20
3492, 16, 17, 0, 20
3493, 16, 17, 0, 20
3494, 16, 17, 0, 20
3495, 16, 17, 0, 20
3496, 16, 17, 0, 20
3497, 16, 17, 0, 20
3498, 16, 17, 0, 20
3499, 16, 17, 0, 20
3500, 16, 17, 0, 20
3501, 16, 17, 0, 20
3502, 16, 17, 0, 20
3503, 16, 17, 0, 20
3504, 16, 17, 0, 20
3505, 16, 17, 0, 20
3506, 16, 17, 0, 20
3507, 16, 17, 0, 20
3508, 16, 17, 0, 20
3509, 16, 17, 0, 20
3510, 16, 17, 0, 20
3511, 16, 17, 0, 20
3512, 16, 17, 0, 20
3513, 16, 17, 0, 20
3514, 16, 17, 0, 20
3515, 16, 17, 0, 20
3516, 16, 17, 0, 20
3517, 16, 17, 0, 20
3518, 16, 17, 0, 20
3519, 16, 17, 0, 20
3520, 16, 17, 0, 20
3521, 16, 17, 0, 20
3522, 16, 17, 0, 20
3523, 16, 17, 0, 20
3524, 16, 17, 0, 20
3525, 16, 17, 0, 20
3526, 16, 17, 0, 20
3527, 16, 17, 0, 20
3528, 16, 17, 0, 20
3529, 16, 17, 0, 20
3530, 16, 17, 0, 20
3531, 16, 17, 0, 20
3532, 16, 17, 0, 20
3533, 16, 17, 0, 20
3534, 16, 17, 0, 20
3535, 16, 17, 0, 20
3536, 16, 17, 0, 20
3537, 16, 17, 0, 20
3538, 16, 17, 0, 20
3539, 16, 17, 0, 20
3540, 16, 17, 0, 20
3541, 16, 17, 0, 20
3542, 16, 17, 0, 20
3543, 16, 17, 0, 20
3544, 16, 17, 0, 20
3545, 16, 17, 0, 20
3546, 16, 17, 0, 20
3547, 16, 17, 0, 20
3548, 16, 17, 0, 20
3549, 16, 17, 0, 20
3550, 16, 17, 0, 20
3551, 16, 17, 0, 20
3552, 16, 17, 0, 20
3553, 16, 17, 0, 20
3554, 16, 17, 0, 20
3555, 16, 17, 0, 20
3556, 16, 17, 0, 20
3557, 16, 17, 0, 20
3558, 16, 17, 0, 20
3559, 16, 17, 0, 20
3560, 16, 17, 0, 20
3561, 16, 17, 0, 20
3562, 16, 17, 0, 20
3563, 16, 17, 0, 20
3564, 16, 17, 0, 20
3565, 16, 17, 0, 20
3566, 16, 17, 0, 20
3567, 16, 17, 0, 20
3568, 16, 17, 0, 20
3569, 16, 17, 0, 20
3570, 16, 17, 0, 20
3571, 16, 17, 0, 20
3572, 16, 17, 0, 20
3573, 16, 17, 0, 20
3574, 16, 17, 0, 20
3575, 16, 17, 0, 20
3576, 16, 17, 0, 20
3577, 16, 17, 0, 20
3578, 16, 17, 0, 20
3579, 16, 17, 0, 20
3580, 16, 17, 0, 20
3581, 16, 17, 0, 20
3582, 16, 17, 0, 20
3583, 16, 17, 0, 20
3584, 16, 17, 0, 20
3585, 16, 17, 0, 20
3586, 16, 17, 0, 20
3587, 16, 17, 0, 20
3588, 16, 17, 0, 20
3589, 16, 17, 0, 20
3590, 16, 17, 0, 20
3591, 16, 17, 0, 20
3592, 16, 17, 0, 20
3593, 16, 17, 0, 20
3594, 16, 17, 0, 20
3595, 16, 17, 0, 20
3596, 16, 17, 0, 20
3597, 16, 17, 0, 20
3598, 16, 17, 0, 20
3599, 16, 17, 0, 20
3600, 16, 17, 0, 20
3601, 16, 17, 0, 20
3602, 16, 17, 0, 20
3603, 16, 17, 0, 20
3604, 16, 17, 0, 20
3605, 16, 17, 0, 20
3606, 16, 17, 0, 20
3607, 16, 17, 0, 20
3608, 16, 17, 0, 20
3609, 16, 17, 0, 20
3610, 16, 17, 0, 20
3611, 16, 17, 0, 20
3612, 16, 17, 0, 20
3613, 16, 17, 0, 20
3614, 16, 17, 0, 20
3615, 16, 17, 0, 20
3616, 16, 17, 0, 20
3617, 16, 17, 0, 20
3618, 16, 17, 0, 20
3619, 16, 17, 0, 20
3620, 16, 17, 0, 20
3621, 16, 17, 0, 20
3622, 16, 17, 0, 20
3623, 16, 17, 0, 20
3624, 16, 17, 0, 20
3625, 16, 17, 0, 20
3626, 16, 17, 0, 20
3627, 16, 17, 0, 20
3628, 16, 17, 0, 20
3629, 16, 17, 0, 20
3630, 16, 17, 0, 20
3631, 16, 17, 0, 20
3632, 16, 17, 0, 20
3633, 16, 17, 0, 20
3634, 16, 17, 0, 20
3635, 16, 17, 0, 20
3636, 16, 17, 0, 20
3637, 16, 17, 0, 20
3638, 16, 17, 0, 20
3639, 16, 17, 0, 20
3640, 16, 17, 0, 20
3641, 16, 17, 0, 20
3642, 16, 17, 0, 20
3643, 16, 17, 0, 20
3644, 16, 17, 0, 20
3645, 16, 17, 0, 20
3646, 16, 17, 0, 20
3647, 16, 17, 0, 20
3648, 16, 17, 0, 20
3649, 16, 17, 0, 20
3650, 16, 17, 0, 20
3651, 16, 17, 0, 20
3652, 16, 17, 0, 20
3653, 16, 17, 0, 20
3654, 16, 17, 0, 20
3655, 16, 17, 0, 20
3656, 16, 17, 0, 20
3657, 16, 17, 0, 20
3658, 16, 17, 0, 20
3659, 16, 17, 0, 20
3660, 16, 17, 0, 20
3661, 16, 17, 0, 20
3662, 16, 17, 0, 20
3663, 16, 17, 0, 20
3664, 16, 17, 0, 20
3665, 16, 17, 0, 20
3666, 16, 17, 0, 20
3667, 16, 17, 0, 20
3668, 16, 17, 0, 20
3669, 16, 17, 0, 20
3670, 16, 17, 0, 20
3671, 16, 17, 0, 20
3672, 16, 17, 0, 20
3673, 16, 17, 0, 20
3674, 16, 17, 0, 20
3675, 16, 17, 0, 20
3676, 16, 17, 0, 20
3677, 16, 17, 0, 20
3678, 16, 17, 0, 20
3679, 16, 17, 0, 20
3680, 16, 17, 0, 20
3681, 16, 17, 0, 20
3682, 16, 17, 0, 20
3683, 16, 17, 0, 20
3684, 16, 17, 0, 20
3685, 16, 17, 0, 20
3686, 16, 17, 0, 20
3687, 16, 17, 0, 20
3688, 16, 17, 0, 20
3689, 16, 17, 0, 20
3690, 16, 17, 0, 20
3691, 16, 17, 0, 20
3692, 16, 17, 0, 20
3693, 16, 17, 0, 20
3694, 16, 17, 0, 20
3695, 16, 17, 0, 20
3696, 16, 17, 0, 20
3697, 16, 17, 0, 20
3698, 16, 17, 0, 20
3699, 16, 17, 0, 20
3700, 16, 17, 0, 20
3701, 16, 17, 0, 20
3702, 16, 17, 0, 20
3703, 16, 17, 0, 20
3704, 16, 17, 0, 20
3705, 16, 17, 0, 20
3706, 16, 17, 0, 20
3707, 16, 17, 0, 20
3708, 16, 17, 0, 20
3709, 16, 17, 0, 20
3710, 16, 17, 0, 20
3711, 16, 17, 0, 20
3712, 16, 17, 0, 20
3713, 16, 17, 0, 20
3714, 16, 17, 0, 20
3715, 16, 17, 0, 20
3716, 16, 17, 0, 20
3717, 16, 17, 0, 20
3718, 16, 17, 0, 20
3719, 16, 17, 0, 20
3720, 16, 17, 0, 20
3721, 16, 17, 0, 20
3722, 16, 17, 0, 20
3723, 16, 17, 0, 20
3724, 16, 17, 0, 20
3725, 16, 17, 0, 20
3726, 16, 17, 0, 20
3727, 16, 17, 0, 20
3728, 16, 17, 0, 20
3729, 16, 17, 0, 20
3730, 16, 17, 0, 20
3731, 16, 17, 0, 20
3732, 16, 17, 0, 20
3733, 16, 17, 0, 20
3734, 16, 17, 0, 20
3735, 16, 17, 0, 20
3736, 16, 17, 0, 20
3737, 16, 17, 0, 20
3738, 16, 17, 0, 20
3739, 16, 17, 0, 20
3740, 16, 17, 0, 20
3741, 16, 17, 0, 20
3742, 16, 17, 0, 20
3743, 16, 17, 0, 20
3744, 16, 17, 0, 20
3745, 16, 17, 0, 20
3746, 16, 17, 0, 20
3747, 16, 17, 0, 20
3748, 16, 17, 0, 20
3749, 16, 17, 0, 20
3750, 16, 17, 0, 20
3751, 16, 17, 0, 20
3752, 16, 17, 0, 20
3753, 16, 17, 0, 20
3754, 16, 17, 0, 20
3755, 16, 17, 0, 20
3756, 16, 17, 0, 20
3757, 16, 17, 0, 20
3758, 16, 17, 0, 20
3759, 16, 17, 0, 20
3760, 16, 17, 0, 20
3761, 16, 17, 0, 20
3762, 16, 17, 0, 20
3763, 16, 17, 0, 20
3764, 16, 17, 0, 20
3765, 16, 17, 0, 20
3766, 16, 17, 0, 20
3767, 16, 17, 0, 20
3768, 16, 17, 0, 20
3769, 16, 17, 0, 20
3770, 16, 17, 0, 20
3771, 16, 17, 0, 20
3772, 16, 17, 0, 20
3773, 16, 17, 0, 20
3774, 16, 17, 0, 20
3775, 16, 17, 0, 20
3776, 16, 17, 0, 20
3777, 16, 17, 0, 20
3778, 16, 17, 0, 20
3779, 16, 17, 0, 20
3780, 16, 17, 0, 20
3781, 16, 17, 0, 20
3782, 16, 17, 0, 20
3783, 16, 17, 0, 20
3784, 16, 17, 0, 20
3785, 16, 17, 0, 20
3786, 16, 17, 0, 20
3787, 16, 17, 0, 20
3788, 16, 17, 0, 20
3789, 16, 17, 0, 20
3790, 16, 17, 0, 20
3791, 16, 17, 0, 20
3792, 16, 17, 0, 20
3793, 16, 17, 0, 20
3794, 16, 17, 0, 20
3795, 16, 17, 0, 20
3796, 16, 17, 0, 20
3797, 16, 17, 0, 20
3798, 16, 17, 0, 20
3799, 16, 17, 0, 20
3800, 16, 17, 0, 20
3801, 16, 17, 0, 20
3802, 16, 17, 0, 20
3803, 16, 17, 0, 20
3804, 16, 17, 0, 20
3805, 16, 17, 0, 20
3806, 16, 17, 0, 20
3807, 16, 17, 0, 20
3808, 16, 17, 0, 20
3809, 16, 17, 0, 20
3810, 16, 17, 0, 20
3811, 16, 17, 0, 20
3812, 16, 17, 0, 20
3813, 16, 17, 0, 20
3814, 16, 17, 0, 20
3815, 16, 17, 0, 20
3816, 16, 17, 0, 20
3817, 16, 17, 0, 20
3818, 16, 17, 0, 20
3819, 16, 17, 0, 20
3820, 16, 17, 0, 20
3821, 16, 17, 0, 20
3822, 16, 17, 0, 20
3823, 16, 17, 0, 20
3824, 16, 17, 0, 20
3825, 16, 17, 0, 20
3826, 16, 17, 0, 20
3827, 16, 17, 0, 20
3828, 16, 17, 0, 20
3829, 16, 17, 0, 20
3830, 16, 17, 0, 20
3831, 16, 17, 0, 20
3832, 16, 17, 0, 20
3833, 16, 17, 0, 20
3834, 16, 17, 0, 20
3835, 16, 17, 0, 20
3836, 16, 17, 0, 20
3837, 16, 17, 0, 20
3838, 16, 17, 0, 20
3839, 16, 17, 0, 20
3840, 16, 17, 0, 20
3841, 16, 17, 0, 20
3842, 16, 17, 0, 20
3843, 16, 17, 0, 20
3844, 16, 17, 0, 20
3845, 16, 17, 0, 20
3846, 16, 17, 0, 20
3847, 16, 17, 0, 20
3848, 16, 17, 0, 20
3849, 16, 17, 0, 20
3850, 16, 17, 0, 20
3851, 16, 17, 0, 20
3852, 16, 17, 0, 20
3853, 16, 17, 0, 20
3854, 16, 17, 0, 20
3855, 16, 17, 0, 20
3856, 16, 17, 0, 20
3857, 16, 17, 0, 20
3858, 16, 17, 0, 20
3859, 16, 17, 0, 20
3860, 16, 17, 0, 20
3861, 16, 17, 0, 20
3862, 16, 17, 0, 20
3863, 16, 17, 0, 20
3864, 16, 17, 0, 20
3865, 16, 17, 0, 20
3866, 16, 17, 0, 20
3867, 16, 17, 0, 20
3868, 16, 17, 0, 20
3869, 16, 17, 0, 20
3870, 16, 17, 0, 20
3871, 16, 17, 0, 20
3872, 16, 17, 0, 20
3873, 16, 17, 0, 20
3874, 16, 17, 0, 20
3875, 16, 17, 0, 20
3876, 16, 17, 0, 20
3877, 16, 17, 0, 20
3878, 16, 17, 0, 20
3879, 16, 17, 0, 20
3880, 16, 17, 0, 20
3881, 16, 17, 0, 20
3882, 16, 17, 0, 20
3883, 16, 17, 0, 20
3884, 16, 17, 0, 20
3885, 16, 17, 0, 20
3886, 16, 17, 0, 20
3887, 16, 17, 0, 20
3888, 16, 17, 0, 20
3889, 16, 17, 0, 20
3890, 16, 17, 0, 20
3891, 16, 17, 0, 20
3892, 16, 17, 0, 20
3893, 16, 17, 0, 20
3894, 16, 17, 0, 20
3895, 16, 17, 0, 20
3896, 16, 17, 0, 20
3897, 16, 17, 0, 20
3898, 16, 17, 0, 20
3899, 16, 17, 0, 20
3900, 16, 17, 0, 20
3901, 16, 17, 0, 20
3902, 16, 17, 0, 20
3903, 16, 17, 0, 20
3904, 16, 17, 0, 20
3905, 16, 17, 0, 20
3906, 16, 17, 0, 20
3907, 16, 17, 0, 20
3908, 16, 17, 0, 20
3909, 16, 17, 0, 20
3910, 16, 17, 0, 20
3911, 16, 17, 0, 20
3912, 16, 17, 0, 20
3913, 16, 17, 0, 20
3914, 16, 17, 0, 20
3915, 16, 17, 0, 20
3916, 16, 17, 0, 20
3917, 16, 17, 0, 20
3918, 16, 17, 0, 20
3919, 16, 17, 0, 20
3920, 16, 17, 0, 20
3921, 16, 17, 0, 20
3922, 16, 17, 0, 20
3923, 16, 17, 0, 20
3924, 16, 17, 0, 20
3925, 16, 17, 0, 20
3926, 16, 17, 0, 20
3927, 16, 17, 0, 20
3928, 16, 17, 0, 20
3929, 16, 17, 0, 20
3930, 16, 17, 0, 20
3931, 16, 17, 0, 20
3932, 16, 17, 0, 20
3933, 16, 17, 0, 20
3934, 16, 17, 0, 20
3935, 16, 17, 0, 20
3936, 16, 17, 0, 20
3937, 16, 17, 0, 20
3938, 16, 17, 0, 20
3939, 16, 17, 0, 20
3940, 16, 17, 0, 20
3941, 16, 17, 0, 20
3942, 16, 17, 0, 20
3943, 16, 17, 0, 20
3944, 16, 17, 0, 20
3945, 16, 17, 0, 20
3946, 16, 17, 0, 20
3947, 16, 17, 0, 20
3948, 16, 17, 0, 20
3949, 16, 17, 0, 20
3950, 16, 17, 0, 20
3951, 16, 17, 0, 20
3952, 16, 17, 0, 20
3953, 16, 17, 0, 20
3954, 16, 17, 0, 20
3955, 16, 17, 0, 20
3956, 16, 17, 0, 20
3957, 16, 17, 0, 20
3958, 16, 17, 0, 20
3959, 16, 17, 0, 20
3960, 16, 17, 0, 20
3961, 16, 17, 0, 20
3962, 16, 17, 0, 20
3963, 16, 17, 0, 20
3964, 16, 17, 0, 20
3965, 16, 17, 0, 20
3966, 16, 17, 0, 20
3967, 16, 17, 0, 20
3968, 16, 17, 0, 20
3969, 16, 17, 0, 20
3970, 16, 17, 0, 20
3971, 16, 17, 0, 20
3972, 16, 17, 0, 20
3973, 16, 17, 0, 20
3974, 16, 17, 0, 20
3975, 16, 17, 0, 20
3976, 16, 17, 0, 20
3977, 16, 17, 0, 20
3978, 16, 17, 0, 20
3979, 16, 17, 0, 20
3980, 16, 17, 0, 20
3981, 16, 17, 0, 20
3982, 16, 17, 0, 20
3983, 16, 17, 0, 20
3984, 16, 17, 0, 20
3985, 16, 17, 0, 20
3986, 16, 17, 0, 20
3987, 16, 17, 0, 20
3988, 16, 17, 0, 20
3989, 16, 17, 0, 20
3990, 16, 17, 0, 20
3991, 16, 17, 0, 20
3992, 16, 17, 0, 20
3993, 16, 17, 0, 20
3994, 16, 17, 0, 20
3995, 16, 17, 0, 20
3996, 16, 17, 0, 20
3997, 16, 17, 0, 20
3998, 16, 17, 0, 20
3999, 16, 17, 0, 20
4000, 16, 17, 0, 20
4001, 16, 17, 0, 20
4002, 16, 17, 0, 20
4003, 16, 17, 0, 20
4004, 16, 17, 0, 20
4005, 16, 17, 0, 20
4006, 16, 17, 0, 20
4007, 16, 17, 0, 20
4008, 16, 17, 0, 20
4009, 16, 17, 0, 20
4010, 16, 17, 0, 20
4011, 16, 17, 0, 20
4012, 16, 17, 0, 20
4013, 16, 17, 0, 20
4014, 16, 17, 0, 20
4015, 16, 17, 0, 20
4016, 16, 17, 0, 20
4017, 16, 17, 0, 20
4018, 16, 17, 0, 20
4019, 16, 17, 0, 20
4020, 16, 17, 0, 20
4021, 16, 17, 0, 20
4022, 16, 17, 0, 20
4023, 16, 17, 0, 20
4024, 16, 17, 0, 20
4025, 16, 17, 0, 20
4026, 16, 17, 0, 20
4027, 16, 17, 0, 20
4028, 16, 17, 0, 20
4029, 16, 17, 0, 20
4030, 16, 17, 0, 20
4031, 16, 17, 0, 20
4032, 16, 17, 0, 20
4033, 16, 17, 0, 20
4034, 16, 17, 0, 20
4035, 16, 17, 0, 20
4036, 16, 17, 0, 20
4037, 16, 17, 0, 20
4038, 16, 17, 0, 20
4039, 16, 17, 0, 20
4040, 16, 17, 0, 20
4041, 16, 17, 0, 20
4042, 16, 17, 0, 20
4043, 16, 17, 0, 20
4044, 16, 17, 0, 20
4045, 16, 17, 0, 20
4046, 16, 17, 0, 20
4047, 16, 17, 0, 20
4048, 16, 17, 0, 20
4049, 16, 17, 0, 20
4050, 16, 17, 0, 20
4051, 16, 17, 0, 20
4052, 16, 17, 0, 20
4053, 16, 17, 0, 20
4054, 16, 17, 0, 20
4055, 16, 17, 0, 20
4056, 16, 17, 0, 20
4057, 16, 17, 0, 20
4058, 16, 17, 0, 20
4059, 16, 17, 0, 20
4060, 16, 17, 0, 20
4061, 16, 17, 0, 20
4062, 16, 17, 0, 20
4063, 16, 17, 0, 20
4064, 16, 17, 0, 20
4065, 16, 17, 0, 20
4066, 16, 17, 0, 20
4067, 16, 17, 0, 20
4068, 16, 17, 0, 20
4069, 16, 17, 0, 20
4070, 16, 17, 0, 20
4071, 16, 17, 0, 20
4072, 16, 17, 0, 20
4073, 16, 17, 0, 20
4074, 16, 17, 0, 20
4075, 16, 17, 0, 20
4076, 16, 17, 0, 20
4077, 16, 17, 0, 20
4078, 16, 17, 0, 20
4079, 16, 17, 0, 20
4080, 16, 17, 0, 20
4081, 16, 17, 0, 20
4082, 16, 17, 0, 20
4083, 16, 17, 0, 20
4084, 16, 17, 0, 20
4085, 16, 17, 0, 20
4086, 16, 17, 0, 20
4087, 16, 17, 0, 20
4088, 16, 17, 0, 20
4089, 16, 17, 0, 20
4090, 16, 17, 0, 20
4091, 16, 17, 0, 20
4092, 16, 17, 0, 20
4093, 16, 17, 0, 20
4094, 16, 17, 0, 20
4095, 16, 17, 0, 20
4096, 16, 17, 0, 20
4097, 16, 17, 0, 20
4098, 16, 17, 0, 20
4099, 16, 17, 0, 20
4100, 16, 17, 0, 20
4101, 16, 17, 0, 20
4102, 16, 17, 0, 20
4103, 16, 17, 0, 20
4104, 16, 17, 0, 20
4105, 16, 17, 0, 20
4106, 16, 17, 0, 20
4107, 16, 17, 0, 20
4108, 16, 17, 0, 20
4109, 16, 17, 0, 20
4110, 16, 17, 0, 20
4111, 16, 17, 0, 20
4112, 16, 17, 0, 20
4113, 16, 17, 0, 20
4114, 16, 17, 0, 20
4115, 16, 17, 0, 20
4116, 16, 17, 0, 20
4117, 16, 17, 0, 20
4118, 16, 17, 0, 20
4119, 16, 17, 0, 20
4120, 16, 17, 0, 20
4121, 16, 17, 0, 20
4122, 16, 17, 0, 20
4123, 16, 17, 0, 20
4124, 16, 17, 0, 20
4125, 16, 17, 0, 20
4126, 16, 17, 0, 20
4127, 16, 17, 0, 20
4128, 16, 17, 0, 20
4129, 16, 17, 0, 20
4130, 16, 17, 0, 20
4131, 16, 17, 0, 20
4132, 16, 17, 0, 20
4133, 16, 17, 0, 20
4134, 16, 17, 0, 20
4135, 16, 17, 0, 20
4136, 16, 17, 0, 20
4137, 16, 17, 0, 20
4138, 16, 17, 0, 20
4139, 16, 17, 0, 20
4140, 16, 17, 0, 20
4141, 16, 17, 0, 20
4142, 16, 17, 0, 20
4143, 16, 17, 0, 20
4144, 16, 17, 0, 20
4145, 16, 17, 0, 20
4146, 16, 17, 0, 20
4147, 16, 17, 0, 20
4148, 16, 17, 0, 20
4149, 16, 17, 0, 20
4150, 16, 17, 0, 20
4151, 16, 17, 0, 20
4152, 16, 17, 0, 20
4153, 16, 17, 0, 20
4154, 16, 17, 0, 20
4155, 16, 17, 0, 20
4156, 16, 17, 0, 20
4157, 16, 17, 0, 20
4158, 16, 17, 0, 20
4159, 16, 17, 0, 20
4160, 16, 17, 0, 20
4161, 16, 17, 0, 20
4162, 16, 17, 0, 20
4163, 16, 17, 0, 20
4164, 16, 17, 0, 20
4165, 16, 17, 0, 20
4166, 16, 17, 0, 20
4167, 16, 17, 0, 20
4168, 16, 17, 0, 20
4169, 16, 17, 0, 20
4170, 16, 17, 0, 20
4171, 16, 17, 0, 20
4172, 16, 17, 0, 20
4173, 16, 17, 0, 20
4174, 16, 17, 0, 20
4175, 16, 17, 0, 20
4176, 16, 17, 0, 20
4177, 16, 17, 0, 20
4178, 16, 17, 0, 20
4179, 16, 17, 0, 20
4180, 16, 17, 0, 20
4181, 16, 17, 0, 20
4182, 16, 17, 0, 20
4183, 16, 17, 0, 20
4184, 16, 17, 0, 20
4185, 16, 17, 0, 20
4186, 16, 17, 0, 20
4187, 16, 17, 0, 20
4188, 16, 17, 0, 20
4189, 16, 17, 0, 20
4190, 16, 17, 0, 20
4191, 16, 17, 0, 20
4192, 16, 17, 0, 20
4193, 16, 17, 0, 20
4194, 16, 17, 0, 20
4195, 16, 17, 0, 20
4196, 16, 17, 0, 20
4197, 16, 17, 0, 20
4198, 16, 17, 0, 20
4199, 16, 17, 0, 20
4200, 16, 17, 0, 20
4201, 16, 17, 0, 20
4202, 16, 17, 0, 20
4203, 16, 17, 0, 20
4204, 16, 17, 0, 20
4205, 16, 17, 0, 20
4206, 16, 17, 0, 20
4207, 16, 17, 0, 20
4208, 16, 17, 0, 20
4209, 16, 17, 0, 20
4210, 16, 17, 0, 20
4211, 16, 17, 0, 20
4212, 16, 17, 0, 20
4213, 16, 17, 0, 20
4214, 16, 17, 0, 20
4215, 16, 17, 0, 20
4216, 16, 17, 0, 20
4217, 16, 17, 0, 20
4218, 16, 17, 0, 20
4219, 16, 17, 0, 20
4220, 16, 17, 0, 20
4221, 16, 17, 0, 20
4222, 16, 17, 0, 20
4223, 16, 17, 0, 20
4224, 16, 17, 0, 20
4225, 16, 17, 0, 20
4226, 16, 17, 0, 20
4227, 16, 17, 0, 20
4228, 16, 17, 0, 20
4229, 16, 17, 0, 20
4230, 16, 17, 0, 20
4231, 16, 17, 0, 20
4232, 16, 17, 0, 20
4233, 16, 17, 0, 20
4234, 16, 17, 0, 20
4235, 16, 17, 0, 20
4236, 16, 17, 0, 20
4237, 16, 17, 0, 20
4238, 16, 17, 0, 20
4239, 16, 17, 0, 20
4240, 16, 17, 0, 20
4241, 16, 17, 0, 20
4242, 16, 17, 0, 20
4243, 16, 17, 0, 20
4244, 16, 17, 0, 20
4245, 16, 17, 0, 20
4246, 16, 17, 0, 20
4247, 16, 17, 0, 20
4248, 16, 17, 0, 20
4249, 16, 17, 0, 20
4250, 16, 17, 0, 20
4251, 16, 17, 0, 20
4252, 16, 17, 0, 20
4253, 16, 17, 0, 20
4254, 16, 17, 0, 20
4255, 16, 17, 0, 20
4256, 16, 17, 0, 20
4257, 16, 17, 0, 20
4258, 16, 17, 0, 20
4259, 16, 17, 0, 20
4260, 16, 17, 0, 20
4261, 16, 17, 0, 20
4262, 16, 17, 0, 20
4263, 16, 17, 0, 20
4264, 16, 17, 0, 20
4265, 16, 17, 0, 20
4266, 16, 17, 0, 20
4267, 16, 17, 0, 20
4268, 16, 17, 0, 20
4269, 16, 17, 0, 20
4270, 16, 17, 0, 20
4271, 16, 17, 0, 20
4272, 16, 17, 0, 20
4273, 16, 17, 0, 20
4274, 16, 17, 0, 20
4275, 16, 17, 0, 20
4276, 16, 17, 0, 20
4277, 16, 17, 0, 20
4278, 16, 17, 0, 20
4279, 16, 17, 0, 20
4280, 16, 17, 0, 20
4281, 16, 17, 0, 20
4282, 16, 17, 0, 20
4283, 16, 17, 0, 20
4284, 16, 17, 0, 20
4285, 16, 17, 0, 20
4286, 16, 17, 0, 20
4287, 16, 17, 0, 20
4288, 16, 17, 0, 20
4289, 16, 17, 0, 20
4290, 16, 17, 0, 20
4291, 16, 17, 0, 20
4292, 16, 17, 0, 20
4293, 16, 17, 0, 20
4294, 16, 17, 0, 20
4295, 16, 17, 0, 20
4296, 16, 17, 0, 20
4297, 16, 17, 0, 20
4298, 16, 17, 0, 20
4299, 16, 17, 0, 20
4300, 16, 17, 0, 20
4301, 16, 17, 0, 20
4302, 16, 17, 0, 20
4303, 16, 17, 0, 20
4304, 16, 17, 0, 20
4305, 16, 17, 0, 20
4306, 16, 17, 0, 20
4307, 16, 17, 0, 20
4308, 16, 17, 0, 20
4309, 16, 17, 0, 20
4310, 16, 17, 0, 20
4311, 16, 17, 0, 20
4312, 16, 17, 0, 20
4313, 16, 17, 0, 20
4314, 16, 17, 0, 20
4315, 16, 17, 0, 20
4316, 16, 17, 0, 20
4317, 16, 17, 0, 20
4318, 16, 17, 0, 20
4319, 16, 17, 0, 20
4320, 16, 17, 0, 20
4321, 16, 17, 0, 20
4322, 16, 17, 0, 20
4323, 16, 17, 0, 20
4324, 16, 17, 0, 20
4325, 16, 17, 0, 20
4326, 16, 17, 0, 20
4327, 16, 17, 0, 20
4328, 16, 17, 0, 20
4329, 16, 17, 0, 20
4330, 16, 17, 0, 20
4331, 16, 17, 0, 20
4332, 16, 17, 0, 20
4333, 16, 17, 0, 20
4334, 16, 17, 0, 20
4335, 16, 17, 0, 20
4336, 16, 17, 0, 20
4337, 16, 17, 0, 20
4338, 16, 17, 0, 20
4339, 16, 17, 0, 20
4340, 16, 17, 0, 20
4341, 16, 17, 0, 20
4342, 16, 17, 0, 20
4343, 16, 17, 0, 20
4344, 16, 17, 0, 20
4345, 16, 17, 0, 20
4346, 16, 17, 0, 20
4347, 16, 17, 0, 20
4348, 16, 17, 0, 20
4349, 16, 17, 0, 20
4350, 16, 17, 0, 20
4351, 16, 17, 0, 20
4352, 16, 17, 0, 20
4353, 16, 17, 0, 20
4354, 16, 17, 0, 20
4355, 16, 17, 0, 20
4356, 16, 17, 0, 20
4357, 16, 17, 0, 20
4358, 16, 17, 0, 20
4359, 16, 17, 0, 20
4360, 16, 17, 0, 20
4361, 16, 17, 0, 20
4362, 16, 17, 0, 20
4363, 16, 17, 0, 20
4364, 16, 17, 0, 20
4365, 16, 17, 0, 20
4366, 16, 17, 0, 20
4367, 16, 17, 0, 20
4368, 16, 17, 0, 20
4369, 16, 17, 0, 20
4370, 16, 17, 0, 20
4371, 16, 17, 0, 20
4372, 16, 17, 0, 20
4373, 16, 17, 0, 20
4374, 16, 17, 0, 20
4375, 16, 17, 0, 20
4376, 16, 17, 0, 20
4377, 16, 17, 0, 20
4378, 16, 17, 0, 20
4379, 16, 17, 0, 20
4380, 16, 17, 0, 20
4381, 16, 17, 0, 20
4382, 16, 17, 0, 20
4383, 16, 17, 0, 20
4384, 16, 17, 0, 20
4385, 16, 17, 0, 20
4386, 16, 17, 0, 20
4387, 16, 17, 0, 20
4388, 16, 17, 0, 20
4389, 16, 17, 0, 20
4390, 16, 17, 0, 20
4391, 16, 17, 0, 20
4392, 16, 17, 0, 20
4393, 16, 17, 0, 20
4394, 16, 17, 0, 20
4395, 16, 17, 0, 20
4396, 16, 17, 0, 20
4397, 16, 17, 0, 20
4398, 16, 17, 0, 20
4399, 16, 17, 0, 20
4400, 16, 17, 0, 20
4401, 16, 17, 0, 20
4402, 16, 17, 0, 20
4403, 16, 17, 0, 20
4404, 16, 17, 0, 20
4405, 16, 17, 0, 20
4406, 16, 17, 0, 20
4407, 16, 17, 0, 20
4408, 16, 17, 0, 20
4409, 16, 17, 0, 20
4410, 16, 17, 0, 20
4411, 16, 17, 0, 20
4412, 16, 17, 0, 20
4413, 16, 17, 0, 20
4414, 16, 17, 0, 20
4415, 16, 17, 0, 20
4416, 16, 17, 0, 20
4417, 16, 17, 0, 20
4418, 16, 17, 0, 20
4419, 16, 17, 0, 20
4420, 16, 17, 0, 20
4421, 16, 17, 0, 20
4422, 16, 17, 0, 20
4423, 16, 17, 0, 20
4424, 16, 17, 0, 20
4425, 16, 17, 0, 20
4426, 16, 17, 0, 20
4427, 16, 17, 0, 20
4428, 16, 17, 0, 20
4429, 16, 17, 0, 20
4430, 16, 17, 0, 20
4431, 16, 17, 0, 20
4432, 16, 17, 0, 20
4433, 16, 17, 0, 20
4434, 16, 17, 0, 20
4435, 16, 17, 0, 20
4436, 16, 17, 0, 20
4437, 16, 17, 0, 20
4438, 16, 17, 0, 20
4439, 16, 17, 0, 20
4440, 16, 17, 0, 20
4441, 16, 17, 0, 20
4442, 16, 17, 0, 20
4443, 16, 17, 0, 20
4444, 16, 17, 0, 20
4445, 16, 17, 0, 20
4446, 16, 17, 0, 20
4447, 16, 17, 0, 20
4448, 16, 17, 0, 20
4449, 16, 17, 0, 20
4450, 16, 17, 0, 20
4451, 16, 17, 0, 20
4452, 16, 17, 0, 20
4453, 16, 17, 0, 20
4454, 16, 17, 0, 20
4455, 16, 17, 0, 20
4456, 16, 17, 0, 20
4457, 16, 17, 0, 20
4458, 16, 17, 0, 20
4459, 16, 17, 0, 20
4460, 16, 17, 0, 20
4461, 16, 17, 0, 20
4462, 16, 17, 0, 20
4463, 16, 17, 0, 20
4464, 16, 17, 0, 20
4465, 16, 17, 0, 20
4466, 16, 17, 0, 20
4467, 16, 17, 0, 20
4468, 16, 17, 0, 20
4469, 16, 17, 0, 20
4470, 16, 17, 0, 20
4471, 16, 17, 0, 20
4472, 16, 17, 0, 20
4473, 16, 17, 0, 20
4474, 16, 17, 0, 20
4475, 16, 17, 0, 20
4476, 16, 17, 0, 20
4477, 16, 17, 0, 20
4478, 16, 17, 0, 20
4479, 16, 17, 0, 20
4480, 16, 17, 0, 20
4481, 16, 17, 0, 20
4482, 16, 17, 0, 20
4483, 16, 17, 0, 20
4484, 16, 17, 0, 20
4485, 16, 17, 0, 20
4486, 16, 17, 0, 20
4487, 16, 17, 0, 20
4488, 16, 17, 0, 20
4489, 16, 17, 0, 20
4490, 16, 17, 0, 20
4491, 16, 17, 0, 20
4492, 16, 17, 0, 20
4493, 16, 17, 0, 20
4494, 16, 17, 0, 20
4495, 16, 17, 0, 20
4496, 16, 17, 0, 20
4497, 16, 17, 0, 20
4498, 16, 17, 0, 20
4499, 16, 17, 0, 20
4500, 16, 17, 0, 20
4501, 16, 17, 0, 20
4502, 16, 17, 0, 20
4503, 16, 17, 0, 20
4504, 16, 17, 0, 20
4505, 16, 17, 0, 20
4506, 16, 17, 0, 20
4507, 16, 17, 0, 20
4508, 16, 17, 0, 20
4509, 16, 17, 0, 20
4510, 16, 17, 0, 20
4511, 16, 17, 0, 20
4512, 16, 17, 0, 20
4513, 16, 17, 0, 20
